Error: Found incompatible versions:
script/DeployVaultGuardians.s.sol =0.8.20 imports:
    lib/forge-std/src/Script.sol >=0.8.13, <0.9.0
    script/NetworkConfig.s.sol =0.8.20
    src/protocol/VaultGuardians.sol =0.8.20
    src/dao/VaultGuardianGovernor.sol =0.8.20
    src/dao/VaultGuardianToken.sol =0.8.20
    lib/forge-std/src/console.sol >=0.8.13, <0.9.0
    lib/forge-std/src/console2.sol >=0.8.13, <0.9.0
    lib/forge-std/src/safeconsole.sol >=0.8.13, <0.9.0
    lib/forge-std/src/StdChains.sol >=0.8.13, <0.9.0
    lib/forge-std/src/StdCheats.sol >=0.8.13, <0.9.0
    lib/forge-std/src/StdConstants.sol >=0.8.13, <0.9.0
    lib/forge-std/src/StdJson.sol >=0.8.13, <0.9.0
    lib/forge-std/src/StdMath.sol >=0.8.13, <0.9.0
    lib/forge-std/src/StdStorage.sol >=0.8.13, <0.9.0
    lib/forge-std/src/StdStyle.sol >=0.8.13, <0.9.0
    lib/forge-std/src/StdUtils.sol >=0.8.13, <0.9.0
    lib/forge-std/src/Vm.sol >=0.8.13, <0.9.0
    lib/forge-std/src/Base.sol >=0.8.13, <0.9.0
    lib/forge-std/src/Script.sol >=0.8.13, <0.9.0
    test/mocks/ERC20Mock.sol =0.8.20
    test/mocks/AavePoolMock.sol =0.8.20
    test/mocks/UniswapFactoryMock.sol =0.8.20
    test/mocks/UniswapRouterMock.sol =0.8.20
    src/protocol/VaultGuardiansBase.sol =0.8.20
    lib/openzeppelin-contracts/contracts/access/Ownable.sol ^0.8.20
    lib/openzeppelin-contracts/contracts/governance/Governor.sol ^0.8.24
    lib/openzeppelin-contracts/contracts/governance/extensions/GovernorCountingSimple.sol ^0.8.24
    lib/openzeppelin-contracts/contracts/governance/extensions/GovernorVotes.sol ^0.8.24
    lib/openzeppelin-contracts/contracts/governance/extensions/GovernorVotesQuorumFraction.sol ^0.8.24
    lib/openzeppelin-contracts/contracts/token/ERC20/ERC20.sol ^0.8.20
    lib/openzeppelin-contracts/contracts/token/ERC20/extensions/ERC20Permit.sol ^0.8.24
    lib/openzeppelin-contracts/contracts/token/ERC20/extensions/ERC20Votes.sol ^0.8.24
    lib/openzeppelin-contracts/contracts/access/Ownable.sol ^0.8.20
    lib/forge-std/src/console.sol >=0.8.13, <0.9.0
    lib/forge-std/src/Vm.sol >=0.8.13, <0.9.0
    lib/forge-std/src/StdStorage.sol >=0.8.13, <0.9.0
    lib/forge-std/src/console2.sol >=0.8.13, <0.9.0
    lib/forge-std/src/Vm.sol >=0.8.13, <0.9.0
    lib/forge-std/src/interfaces/IMulticall3.sol >=0.8.13, <0.9.0
    lib/forge-std/src/Vm.sol >=0.8.13, <0.9.0
    lib/forge-std/src/Vm.sol >=0.8.13, <0.9.0
    lib/forge-std/src/Vm.sol >=0.8.13, <0.9.0
    lib/forge-std/src/Vm.sol >=0.8.13, <0.9.0
    lib/forge-std/src/interfaces/IMulticall3.sol >=0.8.13, <0.9.0
    lib/forge-std/src/StdConstants.sol >=0.8.13, <0.9.0
    lib/forge-std/src/Vm.sol >=0.8.13, <0.9.0
    lib/forge-std/src/StdStorage.sol >=0.8.13, <0.9.0
    lib/forge-std/src/Vm.sol >=0.8.13, <0.9.0
    lib/openzeppelin-contracts/contracts/token/ERC20/ERC20.sol ^0.8.20
    src/vendor/IPool.sol =0.8.20
    lib/openzeppelin-contracts/contracts/token/ERC20/IERC20.sol >=0.4.16
    lib/openzeppelin-contracts/contracts/token/ERC20/IERC20.sol >=0.4.16
    src/vendor/IUniswapV2Factory.sol =0.8.20
    test/mocks/ERC20Mock.sol =0.8.20
    src/vendor/IUniswapV2Router01.sol =0.8.20
    src/protocol/VaultShares.sol =0.8.20
    lib/openzeppelin-contracts/contracts/token/ERC20/utils/SafeERC20.sol ^0.8.20
    src/interfaces/IVaultShares.sol =0.8.20
    src/abstract/AStaticTokenData.sol =0.8.20
    src/dao/VaultGuardianToken.sol =0.8.20
    lib/openzeppelin-contracts/contracts/utils/Context.sol ^0.8.20
    lib/openzeppelin-contracts/contracts/token/ERC721/IERC721Receiver.sol >=0.5.0
    lib/openzeppelin-contracts/contracts/token/ERC1155/IERC1155Receiver.sol >=0.6.2
    lib/openzeppelin-contracts/contracts/utils/cryptography/EIP712.sol ^0.8.24
    lib/openzeppelin-contracts/contracts/utils/cryptography/SignatureChecker.sol ^0.8.24
    lib/openzeppelin-contracts/contracts/utils/introspection/ERC165.sol ^0.8.20
    lib/openzeppelin-contracts/contracts/utils/math/SafeCast.sol ^0.8.20
    lib/openzeppelin-contracts/contracts/utils/structs/DoubleEndedQueue.sol ^0.8.20
    lib/openzeppelin-contracts/contracts/utils/Address.sol ^0.8.20
    lib/openzeppelin-contracts/contracts/utils/Context.sol ^0.8.20
    lib/openzeppelin-contracts/contracts/utils/Nonces.sol ^0.8.20
    lib/openzeppelin-contracts/contracts/utils/Strings.sol ^0.8.24
    lib/openzeppelin-contracts/contracts/governance/IGovernor.sol >=0.8.4
    lib/openzeppelin-contracts/contracts/governance/Governor.sol ^0.8.24
    lib/openzeppelin-contracts/contracts/governance/Governor.sol ^0.8.24
    lib/openzeppelin-contracts/contracts/governance/utils/IVotes.sol >=0.8.4
    lib/openzeppelin-contracts/contracts/interfaces/IERC5805.sol >=0.8.4
    lib/openzeppelin-contracts/contracts/utils/types/Time.sol ^0.8.20
    lib/openzeppelin-contracts/contracts/governance/extensions/GovernorVotes.sol ^0.8.24
    lib/openzeppelin-contracts/contracts/utils/math/Math.sol ^0.8.20
    lib/openzeppelin-contracts/contracts/utils/math/SafeCast.sol ^0.8.20
    lib/openzeppelin-contracts/contracts/utils/structs/Checkpoints.sol ^0.8.20
    lib/openzeppelin-contracts/contracts/token/ERC20/IERC20.sol >=0.4.16
    lib/openzeppelin-contracts/contracts/token/ERC20/extensions/IERC20Metadata.sol >=0.6.2
    lib/openzeppelin-contracts/contracts/utils/Context.sol ^0.8.20
    lib/openzeppelin-contracts/contracts/interfaces/draft-IERC6093.sol >=0.8.4
    lib/openzeppelin-contracts/contracts/token/ERC20/extensions/IERC20Permit.sol >=0.4.16
    lib/openzeppelin-contracts/contracts/token/ERC20/ERC20.sol ^0.8.20
    lib/openzeppelin-contracts/contracts/utils/cryptography/ECDSA.sol ^0.8.20
    lib/openzeppelin-contracts/contracts/utils/cryptography/EIP712.sol ^0.8.24
    lib/openzeppelin-contracts/contracts/utils/Nonces.sol ^0.8.20
    lib/openzeppelin-contracts/contracts/token/ERC20/ERC20.sol ^0.8.20
    lib/openzeppelin-contracts/contracts/governance/utils/Votes.sol ^0.8.24
    lib/openzeppelin-contracts/contracts/utils/structs/Checkpoints.sol ^0.8.20
    src/vendor/DataTypes.sol =0.8.20
    lib/openzeppelin-contracts/contracts/token/ERC20/extensions/ERC4626.sol ^0.8.24
    src/interfaces/IVaultShares.sol =0.8.20
    src/protocol/investableUniverseAdapters/AaveAdapter.sol =0.8.20
    src/protocol/investableUniverseAdapters/UniswapAdapter.sol =0.8.20
    src/vendor/DataTypes.sol =0.8.20
    lib/openzeppelin-contracts/contracts/utils/ReentrancyGuard.sol ^0.8.20
    lib/openzeppelin-contracts/contracts/token/ERC20/IERC20.sol >=0.4.16
    lib/openzeppelin-contracts/contracts/interfaces/IERC1363.sol >=0.6.2
    lib/openzeppelin-contracts/contracts/interfaces/IERC4626.sol >=0.6.2
    src/interfaces/IVaultData.sol =0.8.20
    lib/openzeppelin-contracts/contracts/token/ERC20/IERC20.sol >=0.4.16
    lib/openzeppelin-contracts/contracts/token/ERC20/IERC20.sol >=0.4.16
    src/abstract/AStaticUSDCData.sol =0.8.20
    lib/openzeppelin-contracts/contracts/utils/introspection/IERC165.sol >=0.4.16
    lib/openzeppelin-contracts/contracts/utils/cryptography/MessageHashUtils.sol ^0.8.24
    lib/openzeppelin-contracts/contracts/utils/ShortStrings.sol ^0.8.20
    lib/openzeppelin-contracts/contracts/interfaces/IERC5267.sol >=0.4.16
    lib/openzeppelin-contracts/contracts/utils/cryptography/ECDSA.sol ^0.8.20
    lib/openzeppelin-contracts/contracts/interfaces/IERC1271.sol >=0.5.0
    lib/openzeppelin-contracts/contracts/interfaces/IERC7913.sol >=0.5.0
    lib/openzeppelin-contracts/contracts/utils/Bytes.sol ^0.8.24
    lib/openzeppelin-contracts/contracts/utils/introspection/IERC165.sol >=0.4.16
    lib/openzeppelin-contracts/contracts/utils/Panic.sol ^0.8.20
    lib/openzeppelin-contracts/contracts/utils/Errors.sol ^0.8.20
    lib/openzeppelin-contracts/contracts/utils/LowLevelCall.sol ^0.8.20
    lib/openzeppelin-contracts/contracts/utils/math/Math.sol ^0.8.20
    lib/openzeppelin-contracts/contracts/utils/math/SafeCast.sol ^0.8.20
    lib/openzeppelin-contracts/contracts/utils/math/SignedMath.sol ^0.8.20
    lib/openzeppelin-contracts/contracts/utils/Bytes.sol ^0.8.24
    lib/openzeppelin-contracts/contracts/interfaces/IERC165.sol >=0.4.16
    lib/openzeppelin-contracts/contracts/interfaces/IERC6372.sol >=0.4.16
    lib/openzeppelin-contracts/contracts/governance/utils/IVotes.sol >=0.8.4
    lib/openzeppelin-contracts/contracts/interfaces/IERC6372.sol >=0.4.16
    lib/openzeppelin-contracts/contracts/utils/math/Math.sol ^0.8.20
    lib/openzeppelin-contracts/contracts/utils/math/SafeCast.sol ^0.8.20
    lib/openzeppelin-contracts/contracts/utils/Panic.sol ^0.8.20
    lib/openzeppelin-contracts/contracts/utils/math/SafeCast.sol ^0.8.20
    lib/openzeppelin-contracts/contracts/utils/math/Math.sol ^0.8.20
    lib/openzeppelin-contracts/contracts/token/ERC20/IERC20.sol >=0.4.16
    lib/openzeppelin-contracts/contracts/interfaces/IERC5805.sol >=0.8.4
    lib/openzeppelin-contracts/contracts/utils/Context.sol ^0.8.20
    lib/openzeppelin-contracts/contracts/utils/Nonces.sol ^0.8.20
    lib/openzeppelin-contracts/contracts/utils/cryptography/EIP712.sol ^0.8.24
    lib/openzeppelin-contracts/contracts/utils/structs/Checkpoints.sol ^0.8.20
    lib/openzeppelin-contracts/contracts/utils/math/SafeCast.sol ^0.8.20
    lib/openzeppelin-contracts/contracts/utils/cryptography/ECDSA.sol ^0.8.20
    lib/openzeppelin-contracts/contracts/utils/types/Time.sol ^0.8.20
    lib/openzeppelin-contracts/contracts/token/ERC20/ERC20.sol ^0.8.20
    lib/openzeppelin-contracts/contracts/token/ERC20/utils/SafeERC20.sol ^0.8.20
    lib/openzeppelin-contracts/contracts/interfaces/IERC4626.sol >=0.6.2
    lib/openzeppelin-contracts/contracts/utils/LowLevelCall.sol ^0.8.20
    lib/openzeppelin-contracts/contracts/utils/Memory.sol ^0.8.24
    lib/openzeppelin-contracts/contracts/utils/math/Math.sol ^0.8.20
    src/vendor/IPool.sol =0.8.20
    lib/openzeppelin-contracts/contracts/token/ERC20/IERC20.sol >=0.4.16
    lib/openzeppelin-contracts/contracts/token/ERC20/utils/SafeERC20.sol ^0.8.20
    src/vendor/IUniswapV2Router01.sol =0.8.20
    src/vendor/IUniswapV2Factory.sol =0.8.20
    src/abstract/AStaticUSDCData.sol =0.8.20
    lib/openzeppelin-contracts/contracts/token/ERC20/utils/SafeERC20.sol ^0.8.20
    lib/openzeppelin-contracts/contracts/utils/StorageSlot.sol ^0.8.20
    lib/openzeppelin-contracts/contracts/interfaces/IERC20.sol >=0.4.16
    lib/openzeppelin-contracts/contracts/interfaces/IERC165.sol >=0.4.16
    lib/openzeppelin-contracts/contracts/token/ERC20/IERC20.sol >=0.4.16
    lib/openzeppelin-contracts/contracts/token/ERC20/extensions/IERC20Metadata.sol >=0.6.2
    lib/openzeppelin-contracts/contracts/token/ERC20/IERC20.sol >=0.4.16
    src/abstract/AStaticWethData.sol =0.8.20
    lib/openzeppelin-contracts/contracts/utils/Strings.sol ^0.8.24
    lib/openzeppelin-contracts/contracts/utils/StorageSlot.sol ^0.8.20
    lib/openzeppelin-contracts/contracts/utils/math/Math.sol ^0.8.20
    lib/openzeppelin-contracts/contracts/utils/math/SafeCast.sol ^0.8.20
    lib/openzeppelin-contracts/contracts/utils/introspection/IERC165.sol >=0.4.16
    lib/openzeppelin-contracts/contracts/utils/Panic.sol ^0.8.20
    lib/openzeppelin-contracts/contracts/utils/math/Math.sol ^0.8.20
    lib/openzeppelin-contracts/contracts/token/ERC20/IERC20.sol >=0.4.16
    lib/openzeppelin-contracts/contracts/token/ERC20/IERC20.sol >=0.4.16
Found incompatible versions:
src/dao/VaultGuardianGovernor.sol =0.8.20 imports:
    lib/openzeppelin-contracts/contracts/governance/Governor.sol ^0.8.24
    lib/openzeppelin-contracts/contracts/governance/extensions/GovernorCountingSimple.sol ^0.8.24
    lib/openzeppelin-contracts/contracts/governance/extensions/GovernorVotes.sol ^0.8.24
    lib/openzeppelin-contracts/contracts/governance/extensions/GovernorVotesQuorumFraction.sol ^0.8.24
    lib/openzeppelin-contracts/contracts/token/ERC721/IERC721Receiver.sol >=0.5.0
    lib/openzeppelin-contracts/contracts/token/ERC1155/IERC1155Receiver.sol >=0.6.2
    lib/openzeppelin-contracts/contracts/utils/cryptography/EIP712.sol ^0.8.24
    lib/openzeppelin-contracts/contracts/utils/cryptography/SignatureChecker.sol ^0.8.24
    lib/openzeppelin-contracts/contracts/utils/introspection/ERC165.sol ^0.8.20
    lib/openzeppelin-contracts/contracts/utils/math/SafeCast.sol ^0.8.20
    lib/openzeppelin-contracts/contracts/utils/structs/DoubleEndedQueue.sol ^0.8.20
    lib/openzeppelin-contracts/contracts/utils/Address.sol ^0.8.20
    lib/openzeppelin-contracts/contracts/utils/Context.sol ^0.8.20
    lib/openzeppelin-contracts/contracts/utils/Nonces.sol ^0.8.20
    lib/openzeppelin-contracts/contracts/utils/Strings.sol ^0.8.24
    lib/openzeppelin-contracts/contracts/governance/IGovernor.sol >=0.8.4
    lib/openzeppelin-contracts/contracts/governance/Governor.sol ^0.8.24
    lib/openzeppelin-contracts/contracts/governance/Governor.sol ^0.8.24
    lib/openzeppelin-contracts/contracts/governance/utils/IVotes.sol >=0.8.4
    lib/openzeppelin-contracts/contracts/interfaces/IERC5805.sol >=0.8.4
    lib/openzeppelin-contracts/contracts/utils/types/Time.sol ^0.8.20
    lib/openzeppelin-contracts/contracts/governance/extensions/GovernorVotes.sol ^0.8.24
    lib/openzeppelin-contracts/contracts/utils/math/Math.sol ^0.8.20
    lib/openzeppelin-contracts/contracts/utils/math/SafeCast.sol ^0.8.20
    lib/openzeppelin-contracts/contracts/utils/structs/Checkpoints.sol ^0.8.20
    lib/openzeppelin-contracts/contracts/utils/introspection/IERC165.sol >=0.4.16
    lib/openzeppelin-contracts/contracts/utils/cryptography/MessageHashUtils.sol ^0.8.24
    lib/openzeppelin-contracts/contracts/utils/ShortStrings.sol ^0.8.20
    lib/openzeppelin-contracts/contracts/interfaces/IERC5267.sol >=0.4.16
    lib/openzeppelin-contracts/contracts/utils/cryptography/ECDSA.sol ^0.8.20
    lib/openzeppelin-contracts/contracts/interfaces/IERC1271.sol >=0.5.0
    lib/openzeppelin-contracts/contracts/interfaces/IERC7913.sol >=0.5.0
    lib/openzeppelin-contracts/contracts/utils/Bytes.sol ^0.8.24
    lib/openzeppelin-contracts/contracts/utils/introspection/IERC165.sol >=0.4.16
    lib/openzeppelin-contracts/contracts/utils/Panic.sol ^0.8.20
    lib/openzeppelin-contracts/contracts/utils/Errors.sol ^0.8.20
    lib/openzeppelin-contracts/contracts/utils/LowLevelCall.sol ^0.8.20
    lib/openzeppelin-contracts/contracts/utils/math/Math.sol ^0.8.20
    lib/openzeppelin-contracts/contracts/utils/math/SafeCast.sol ^0.8.20
    lib/openzeppelin-contracts/contracts/utils/math/SignedMath.sol ^0.8.20
    lib/openzeppelin-contracts/contracts/utils/Bytes.sol ^0.8.24
    lib/openzeppelin-contracts/contracts/interfaces/IERC165.sol >=0.4.16
    lib/openzeppelin-contracts/contracts/interfaces/IERC6372.sol >=0.4.16
    lib/openzeppelin-contracts/contracts/governance/utils/IVotes.sol >=0.8.4
    lib/openzeppelin-contracts/contracts/interfaces/IERC6372.sol >=0.4.16
    lib/openzeppelin-contracts/contracts/utils/math/Math.sol ^0.8.20
    lib/openzeppelin-contracts/contracts/utils/math/SafeCast.sol ^0.8.20
    lib/openzeppelin-contracts/contracts/utils/Panic.sol ^0.8.20
    lib/openzeppelin-contracts/contracts/utils/math/SafeCast.sol ^0.8.20
    lib/openzeppelin-contracts/contracts/utils/math/Math.sol ^0.8.20
    lib/openzeppelin-contracts/contracts/utils/Strings.sol ^0.8.24
    lib/openzeppelin-contracts/contracts/utils/StorageSlot.sol ^0.8.20
    lib/openzeppelin-contracts/contracts/utils/math/Math.sol ^0.8.20
    lib/openzeppelin-contracts/contracts/utils/math/SafeCast.sol ^0.8.20
    lib/openzeppelin-contracts/contracts/utils/introspection/IERC165.sol >=0.4.16
Found incompatible versions:
src/dao/VaultGuardianToken.sol =0.8.20 imports:
    lib/openzeppelin-contracts/contracts/token/ERC20/ERC20.sol ^0.8.20
    lib/openzeppelin-contracts/contracts/token/ERC20/extensions/ERC20Permit.sol ^0.8.24
    lib/openzeppelin-contracts/contracts/token/ERC20/extensions/ERC20Votes.sol ^0.8.24
    lib/openzeppelin-contracts/contracts/access/Ownable.sol ^0.8.20
    lib/openzeppelin-contracts/contracts/token/ERC20/IERC20.sol >=0.4.16
    lib/openzeppelin-contracts/contracts/token/ERC20/extensions/IERC20Metadata.sol >=0.6.2
    lib/openzeppelin-contracts/contracts/utils/Context.sol ^0.8.20
    lib/openzeppelin-contracts/contracts/interfaces/draft-IERC6093.sol >=0.8.4
    lib/openzeppelin-contracts/contracts/token/ERC20/extensions/IERC20Permit.sol >=0.4.16
    lib/openzeppelin-contracts/contracts/token/ERC20/ERC20.sol ^0.8.20
    lib/openzeppelin-contracts/contracts/utils/cryptography/ECDSA.sol ^0.8.20
    lib/openzeppelin-contracts/contracts/utils/cryptography/EIP712.sol ^0.8.24
    lib/openzeppelin-contracts/contracts/utils/Nonces.sol ^0.8.20
    lib/openzeppelin-contracts/contracts/token/ERC20/ERC20.sol ^0.8.20
    lib/openzeppelin-contracts/contracts/governance/utils/Votes.sol ^0.8.24
    lib/openzeppelin-contracts/contracts/utils/structs/Checkpoints.sol ^0.8.20
    lib/openzeppelin-contracts/contracts/utils/Context.sol ^0.8.20
    lib/openzeppelin-contracts/contracts/token/ERC20/IERC20.sol >=0.4.16
    lib/openzeppelin-contracts/contracts/utils/cryptography/MessageHashUtils.sol ^0.8.24
    lib/openzeppelin-contracts/contracts/utils/ShortStrings.sol ^0.8.20
    lib/openzeppelin-contracts/contracts/interfaces/IERC5267.sol >=0.4.16
    lib/openzeppelin-contracts/contracts/interfaces/IERC5805.sol >=0.8.4
    lib/openzeppelin-contracts/contracts/utils/Context.sol ^0.8.20
    lib/openzeppelin-contracts/contracts/utils/Nonces.sol ^0.8.20
    lib/openzeppelin-contracts/contracts/utils/cryptography/EIP712.sol ^0.8.24
    lib/openzeppelin-contracts/contracts/utils/structs/Checkpoints.sol ^0.8.20
    lib/openzeppelin-contracts/contracts/utils/math/SafeCast.sol ^0.8.20
    lib/openzeppelin-contracts/contracts/utils/cryptography/ECDSA.sol ^0.8.20
    lib/openzeppelin-contracts/contracts/utils/types/Time.sol ^0.8.20
    lib/openzeppelin-contracts/contracts/utils/math/Math.sol ^0.8.20
    lib/openzeppelin-contracts/contracts/utils/Strings.sol ^0.8.24
    lib/openzeppelin-contracts/contracts/utils/StorageSlot.sol ^0.8.20
    lib/openzeppelin-contracts/contracts/governance/utils/IVotes.sol >=0.8.4
    lib/openzeppelin-contracts/contracts/interfaces/IERC6372.sol >=0.4.16
    lib/openzeppelin-contracts/contracts/utils/math/Math.sol ^0.8.20
    lib/openzeppelin-contracts/contracts/utils/math/SafeCast.sol ^0.8.20
    lib/openzeppelin-contracts/contracts/utils/Panic.sol ^0.8.20
    lib/openzeppelin-contracts/contracts/utils/math/SafeCast.sol ^0.8.20
    lib/openzeppelin-contracts/contracts/utils/math/Math.sol ^0.8.20
    lib/openzeppelin-contracts/contracts/utils/math/SafeCast.sol ^0.8.20
    lib/openzeppelin-contracts/contracts/utils/math/SignedMath.sol ^0.8.20
    lib/openzeppelin-contracts/contracts/utils/Bytes.sol ^0.8.24
    lib/openzeppelin-contracts/contracts/utils/math/SafeCast.sol ^0.8.20
    lib/openzeppelin-contracts/contracts/utils/math/Math.sol ^0.8.20
Found incompatible versions:
src/protocol/VaultGuardians.sol =0.8.20 imports:
    src/protocol/VaultGuardiansBase.sol =0.8.20
    lib/openzeppelin-contracts/contracts/access/Ownable.sol ^0.8.20
    src/protocol/VaultShares.sol =0.8.20
    lib/openzeppelin-contracts/contracts/token/ERC20/utils/SafeERC20.sol ^0.8.20
    src/interfaces/IVaultShares.sol =0.8.20
    src/abstract/AStaticTokenData.sol =0.8.20
    src/dao/VaultGuardianToken.sol =0.8.20
    lib/openzeppelin-contracts/contracts/utils/Context.sol ^0.8.20
    lib/openzeppelin-contracts/contracts/token/ERC20/extensions/ERC4626.sol ^0.8.24
    src/interfaces/IVaultShares.sol =0.8.20
    src/protocol/investableUniverseAdapters/AaveAdapter.sol =0.8.20
    src/protocol/investableUniverseAdapters/UniswapAdapter.sol =0.8.20
    src/vendor/DataTypes.sol =0.8.20
    lib/openzeppelin-contracts/contracts/utils/ReentrancyGuard.sol ^0.8.20
    lib/openzeppelin-contracts/contracts/token/ERC20/IERC20.sol >=0.4.16
    lib/openzeppelin-contracts/contracts/interfaces/IERC1363.sol >=0.6.2
    lib/openzeppelin-contracts/contracts/interfaces/IERC4626.sol >=0.6.2
    src/interfaces/IVaultData.sol =0.8.20
    lib/openzeppelin-contracts/contracts/token/ERC20/IERC20.sol >=0.4.16
    lib/openzeppelin-contracts/contracts/token/ERC20/IERC20.sol >=0.4.16
    src/abstract/AStaticUSDCData.sol =0.8.20
    lib/openzeppelin-contracts/contracts/token/ERC20/ERC20.sol ^0.8.20
    lib/openzeppelin-contracts/contracts/token/ERC20/extensions/ERC20Permit.sol ^0.8.24
    lib/openzeppelin-contracts/contracts/token/ERC20/extensions/ERC20Votes.sol ^0.8.24
    lib/openzeppelin-contracts/contracts/access/Ownable.sol ^0.8.20
    lib/openzeppelin-contracts/contracts/token/ERC20/ERC20.sol ^0.8.20
    lib/openzeppelin-contracts/contracts/token/ERC20/utils/SafeERC20.sol ^0.8.20
    lib/openzeppelin-contracts/contracts/interfaces/IERC4626.sol >=0.6.2
    lib/openzeppelin-contracts/contracts/utils/LowLevelCall.sol ^0.8.20
    lib/openzeppelin-contracts/contracts/utils/Memory.sol ^0.8.24
    lib/openzeppelin-contracts/contracts/utils/math/Math.sol ^0.8.20
    src/vendor/IPool.sol =0.8.20
    lib/openzeppelin-contracts/contracts/token/ERC20/IERC20.sol >=0.4.16
    lib/openzeppelin-contracts/contracts/token/ERC20/utils/SafeERC20.sol ^0.8.20
    src/vendor/IUniswapV2Router01.sol =0.8.20
    src/vendor/IUniswapV2Factory.sol =0.8.20
    src/abstract/AStaticUSDCData.sol =0.8.20
    lib/openzeppelin-contracts/contracts/token/ERC20/utils/SafeERC20.sol ^0.8.20
    lib/openzeppelin-contracts/contracts/utils/StorageSlot.sol ^0.8.20
    lib/openzeppelin-contracts/contracts/interfaces/IERC20.sol >=0.4.16
    lib/openzeppelin-contracts/contracts/interfaces/IERC165.sol >=0.4.16
    lib/openzeppelin-contracts/contracts/token/ERC20/IERC20.sol >=0.4.16
    lib/openzeppelin-contracts/contracts/token/ERC20/extensions/IERC20Metadata.sol >=0.6.2
    lib/openzeppelin-contracts/contracts/token/ERC20/IERC20.sol >=0.4.16
    src/abstract/AStaticWethData.sol =0.8.20
    lib/openzeppelin-contracts/contracts/token/ERC20/IERC20.sol >=0.4.16
    lib/openzeppelin-contracts/contracts/token/ERC20/extensions/IERC20Metadata.sol >=0.6.2
    lib/openzeppelin-contracts/contracts/utils/Context.sol ^0.8.20
    lib/openzeppelin-contracts/contracts/interfaces/draft-IERC6093.sol >=0.8.4
    lib/openzeppelin-contracts/contracts/token/ERC20/extensions/IERC20Permit.sol >=0.4.16
    lib/openzeppelin-contracts/contracts/token/ERC20/ERC20.sol ^0.8.20
    lib/openzeppelin-contracts/contracts/utils/cryptography/ECDSA.sol ^0.8.20
    lib/openzeppelin-contracts/contracts/utils/cryptography/EIP712.sol ^0.8.24
    lib/openzeppelin-contracts/contracts/utils/Nonces.sol ^0.8.20
    lib/openzeppelin-contracts/contracts/token/ERC20/ERC20.sol ^0.8.20
    lib/openzeppelin-contracts/contracts/governance/utils/Votes.sol ^0.8.24
    lib/openzeppelin-contracts/contracts/utils/structs/Checkpoints.sol ^0.8.20
    lib/openzeppelin-contracts/contracts/utils/Panic.sol ^0.8.20
    lib/openzeppelin-contracts/contracts/utils/math/Math.sol ^0.8.20
    lib/openzeppelin-contracts/contracts/utils/Panic.sol ^0.8.20
    lib/openzeppelin-contracts/contracts/utils/math/SafeCast.sol ^0.8.20
    src/vendor/DataTypes.sol =0.8.20
    lib/openzeppelin-contracts/contracts/token/ERC20/IERC20.sol >=0.4.16
    lib/openzeppelin-contracts/contracts/utils/introspection/IERC165.sol >=0.4.16
    lib/openzeppelin-contracts/contracts/token/ERC20/IERC20.sol >=0.4.16
    lib/openzeppelin-contracts/contracts/token/ERC20/IERC20.sol >=0.4.16
    lib/openzeppelin-contracts/contracts/utils/cryptography/MessageHashUtils.sol ^0.8.24
    lib/openzeppelin-contracts/contracts/utils/ShortStrings.sol ^0.8.20
    lib/openzeppelin-contracts/contracts/interfaces/IERC5267.sol >=0.4.16
    lib/openzeppelin-contracts/contracts/interfaces/IERC5805.sol >=0.8.4
    lib/openzeppelin-contracts/contracts/utils/Context.sol ^0.8.20
    lib/openzeppelin-contracts/contracts/utils/Nonces.sol ^0.8.20
    lib/openzeppelin-contracts/contracts/utils/cryptography/EIP712.sol ^0.8.24
    lib/openzeppelin-contracts/contracts/utils/structs/Checkpoints.sol ^0.8.20
    lib/openzeppelin-contracts/contracts/utils/math/SafeCast.sol ^0.8.20
    lib/openzeppelin-contracts/contracts/utils/cryptography/ECDSA.sol ^0.8.20
    lib/openzeppelin-contracts/contracts/utils/types/Time.sol ^0.8.20
    lib/openzeppelin-contracts/contracts/utils/math/Math.sol ^0.8.20
    lib/openzeppelin-contracts/contracts/utils/Strings.sol ^0.8.24
    lib/openzeppelin-contracts/contracts/utils/StorageSlot.sol ^0.8.20
    lib/openzeppelin-contracts/contracts/governance/utils/IVotes.sol >=0.8.4
    lib/openzeppelin-contracts/contracts/interfaces/IERC6372.sol >=0.4.16
    lib/openzeppelin-contracts/contracts/utils/math/Math.sol ^0.8.20
    lib/openzeppelin-contracts/contracts/utils/math/SafeCast.sol ^0.8.20
    lib/openzeppelin-contracts/contracts/utils/math/Math.sol ^0.8.20
    lib/openzeppelin-contracts/contracts/utils/math/SafeCast.sol ^0.8.20
    lib/openzeppelin-contracts/contracts/utils/math/SignedMath.sol ^0.8.20
    lib/openzeppelin-contracts/contracts/utils/Bytes.sol ^0.8.24
    lib/openzeppelin-contracts/contracts/utils/math/SafeCast.sol ^0.8.20
    lib/openzeppelin-contracts/contracts/utils/math/Math.sol ^0.8.20
Found incompatible versions:
src/protocol/VaultGuardiansBase.sol =0.8.20 imports:
    src/protocol/VaultShares.sol =0.8.20
    lib/openzeppelin-contracts/contracts/token/ERC20/utils/SafeERC20.sol ^0.8.20
    src/interfaces/IVaultShares.sol =0.8.20
    src/abstract/AStaticTokenData.sol =0.8.20
    src/dao/VaultGuardianToken.sol =0.8.20
    lib/openzeppelin-contracts/contracts/token/ERC20/extensions/ERC4626.sol ^0.8.24
    src/interfaces/IVaultShares.sol =0.8.20
    src/protocol/investableUniverseAdapters/AaveAdapter.sol =0.8.20
    src/protocol/investableUniverseAdapters/UniswapAdapter.sol =0.8.20
    src/vendor/DataTypes.sol =0.8.20
    lib/openzeppelin-contracts/contracts/utils/ReentrancyGuard.sol ^0.8.20
    lib/openzeppelin-contracts/contracts/token/ERC20/IERC20.sol >=0.4.16
    lib/openzeppelin-contracts/contracts/interfaces/IERC1363.sol >=0.6.2
    lib/openzeppelin-contracts/contracts/interfaces/IERC4626.sol >=0.6.2
    src/interfaces/IVaultData.sol =0.8.20
    lib/openzeppelin-contracts/contracts/token/ERC20/IERC20.sol >=0.4.16
    lib/openzeppelin-contracts/contracts/token/ERC20/IERC20.sol >=0.4.16
    src/abstract/AStaticUSDCData.sol =0.8.20
    lib/openzeppelin-contracts/contracts/token/ERC20/ERC20.sol ^0.8.20
    lib/openzeppelin-contracts/contracts/token/ERC20/extensions/ERC20Permit.sol ^0.8.24
    lib/openzeppelin-contracts/contracts/token/ERC20/extensions/ERC20Votes.sol ^0.8.24
    lib/openzeppelin-contracts/contracts/access/Ownable.sol ^0.8.20
    lib/openzeppelin-contracts/contracts/token/ERC20/ERC20.sol ^0.8.20
    lib/openzeppelin-contracts/contracts/token/ERC20/utils/SafeERC20.sol ^0.8.20
    lib/openzeppelin-contracts/contracts/interfaces/IERC4626.sol >=0.6.2
    lib/openzeppelin-contracts/contracts/utils/LowLevelCall.sol ^0.8.20
    lib/openzeppelin-contracts/contracts/utils/Memory.sol ^0.8.24
    lib/openzeppelin-contracts/contracts/utils/math/Math.sol ^0.8.20
    src/vendor/IPool.sol =0.8.20
    lib/openzeppelin-contracts/contracts/token/ERC20/IERC20.sol >=0.4.16
    lib/openzeppelin-contracts/contracts/token/ERC20/utils/SafeERC20.sol ^0.8.20
    src/vendor/IUniswapV2Router01.sol =0.8.20
    src/vendor/IUniswapV2Factory.sol =0.8.20
    src/abstract/AStaticUSDCData.sol =0.8.20
    lib/openzeppelin-contracts/contracts/token/ERC20/utils/SafeERC20.sol ^0.8.20
    lib/openzeppelin-contracts/contracts/utils/StorageSlot.sol ^0.8.20
    lib/openzeppelin-contracts/contracts/interfaces/IERC20.sol >=0.4.16
    lib/openzeppelin-contracts/contracts/interfaces/IERC165.sol >=0.4.16
    lib/openzeppelin-contracts/contracts/token/ERC20/IERC20.sol >=0.4.16
    lib/openzeppelin-contracts/contracts/token/ERC20/extensions/IERC20Metadata.sol >=0.6.2
    lib/openzeppelin-contracts/contracts/token/ERC20/IERC20.sol >=0.4.16
    src/abstract/AStaticWethData.sol =0.8.20
    lib/openzeppelin-contracts/contracts/token/ERC20/IERC20.sol >=0.4.16
    lib/openzeppelin-contracts/contracts/token/ERC20/extensions/IERC20Metadata.sol >=0.6.2
    lib/openzeppelin-contracts/contracts/utils/Context.sol ^0.8.20
    lib/openzeppelin-contracts/contracts/interfaces/draft-IERC6093.sol >=0.8.4
    lib/openzeppelin-contracts/contracts/token/ERC20/extensions/IERC20Permit.sol >=0.4.16
    lib/openzeppelin-contracts/contracts/token/ERC20/ERC20.sol ^0.8.20
    lib/openzeppelin-contracts/contracts/utils/cryptography/ECDSA.sol ^0.8.20
    lib/openzeppelin-contracts/contracts/utils/cryptography/EIP712.sol ^0.8.24
    lib/openzeppelin-contracts/contracts/utils/Nonces.sol ^0.8.20
    lib/openzeppelin-contracts/contracts/token/ERC20/ERC20.sol ^0.8.20
    lib/openzeppelin-contracts/contracts/governance/utils/Votes.sol ^0.8.24
    lib/openzeppelin-contracts/contracts/utils/structs/Checkpoints.sol ^0.8.20
    lib/openzeppelin-contracts/contracts/utils/Context.sol ^0.8.20
    lib/openzeppelin-contracts/contracts/utils/Panic.sol ^0.8.20
    lib/openzeppelin-contracts/contracts/utils/math/Math.sol ^0.8.20
    lib/openzeppelin-contracts/contracts/utils/Panic.sol ^0.8.20
    lib/openzeppelin-contracts/contracts/utils/math/SafeCast.sol ^0.8.20
    src/vendor/DataTypes.sol =0.8.20
    lib/openzeppelin-contracts/contracts/token/ERC20/IERC20.sol >=0.4.16
    lib/openzeppelin-contracts/contracts/utils/introspection/IERC165.sol >=0.4.16
    lib/openzeppelin-contracts/contracts/token/ERC20/IERC20.sol >=0.4.16
    lib/openzeppelin-contracts/contracts/token/ERC20/IERC20.sol >=0.4.16
    lib/openzeppelin-contracts/contracts/utils/cryptography/MessageHashUtils.sol ^0.8.24
    lib/openzeppelin-contracts/contracts/utils/ShortStrings.sol ^0.8.20
    lib/openzeppelin-contracts/contracts/interfaces/IERC5267.sol >=0.4.16
    lib/openzeppelin-contracts/contracts/interfaces/IERC5805.sol >=0.8.4
    lib/openzeppelin-contracts/contracts/utils/Context.sol ^0.8.20
    lib/openzeppelin-contracts/contracts/utils/Nonces.sol ^0.8.20
    lib/openzeppelin-contracts/contracts/utils/cryptography/EIP712.sol ^0.8.24
    lib/openzeppelin-contracts/contracts/utils/structs/Checkpoints.sol ^0.8.20
    lib/openzeppelin-contracts/contracts/utils/math/SafeCast.sol ^0.8.20
    lib/openzeppelin-contracts/contracts/utils/cryptography/ECDSA.sol ^0.8.20
    lib/openzeppelin-contracts/contracts/utils/types/Time.sol ^0.8.20
    lib/openzeppelin-contracts/contracts/utils/math/Math.sol ^0.8.20
    lib/openzeppelin-contracts/contracts/utils/Strings.sol ^0.8.24
    lib/openzeppelin-contracts/contracts/utils/StorageSlot.sol ^0.8.20
    lib/openzeppelin-contracts/contracts/governance/utils/IVotes.sol >=0.8.4
    lib/openzeppelin-contracts/contracts/interfaces/IERC6372.sol >=0.4.16
    lib/openzeppelin-contracts/contracts/utils/math/Math.sol ^0.8.20
    lib/openzeppelin-contracts/contracts/utils/math/SafeCast.sol ^0.8.20
    lib/openzeppelin-contracts/contracts/utils/math/Math.sol ^0.8.20
    lib/openzeppelin-contracts/contracts/utils/math/SafeCast.sol ^0.8.20
    lib/openzeppelin-contracts/contracts/utils/math/SignedMath.sol ^0.8.20
    lib/openzeppelin-contracts/contracts/utils/Bytes.sol ^0.8.24
    lib/openzeppelin-contracts/contracts/utils/math/SafeCast.sol ^0.8.20
    lib/openzeppelin-contracts/contracts/utils/math/Math.sol ^0.8.20
Found incompatible versions:
src/protocol/VaultShares.sol =0.8.20 imports:
    lib/openzeppelin-contracts/contracts/token/ERC20/extensions/ERC4626.sol ^0.8.24
    src/interfaces/IVaultShares.sol =0.8.20
    src/protocol/investableUniverseAdapters/AaveAdapter.sol =0.8.20
    src/protocol/investableUniverseAdapters/UniswapAdapter.sol =0.8.20
    src/vendor/DataTypes.sol =0.8.20
    lib/openzeppelin-contracts/contracts/utils/ReentrancyGuard.sol ^0.8.20
    lib/openzeppelin-contracts/contracts/token/ERC20/ERC20.sol ^0.8.20
    lib/openzeppelin-contracts/contracts/token/ERC20/utils/SafeERC20.sol ^0.8.20
    lib/openzeppelin-contracts/contracts/interfaces/IERC4626.sol >=0.6.2
    lib/openzeppelin-contracts/contracts/utils/LowLevelCall.sol ^0.8.20
    lib/openzeppelin-contracts/contracts/utils/Memory.sol ^0.8.24
    lib/openzeppelin-contracts/contracts/utils/math/Math.sol ^0.8.20
    lib/openzeppelin-contracts/contracts/interfaces/IERC4626.sol >=0.6.2
    src/interfaces/IVaultData.sol =0.8.20
    lib/openzeppelin-contracts/contracts/token/ERC20/IERC20.sol >=0.4.16
    src/vendor/IPool.sol =0.8.20
    lib/openzeppelin-contracts/contracts/token/ERC20/IERC20.sol >=0.4.16
    lib/openzeppelin-contracts/contracts/token/ERC20/utils/SafeERC20.sol ^0.8.20
    src/vendor/IUniswapV2Router01.sol =0.8.20
    src/vendor/IUniswapV2Factory.sol =0.8.20
    src/abstract/AStaticUSDCData.sol =0.8.20
    lib/openzeppelin-contracts/contracts/token/ERC20/utils/SafeERC20.sol ^0.8.20
    lib/openzeppelin-contracts/contracts/utils/StorageSlot.sol ^0.8.20
    lib/openzeppelin-contracts/contracts/token/ERC20/IERC20.sol >=0.4.16
    lib/openzeppelin-contracts/contracts/token/ERC20/extensions/IERC20Metadata.sol >=0.6.2
    lib/openzeppelin-contracts/contracts/utils/Context.sol ^0.8.20
    lib/openzeppelin-contracts/contracts/interfaces/draft-IERC6093.sol >=0.8.4
    lib/openzeppelin-contracts/contracts/token/ERC20/IERC20.sol >=0.4.16
    lib/openzeppelin-contracts/contracts/interfaces/IERC1363.sol >=0.6.2
    lib/openzeppelin-contracts/contracts/token/ERC20/IERC20.sol >=0.4.16
    lib/openzeppelin-contracts/contracts/token/ERC20/extensions/IERC20Metadata.sol >=0.6.2
    lib/openzeppelin-contracts/contracts/utils/Panic.sol ^0.8.20
    lib/openzeppelin-contracts/contracts/utils/math/Math.sol ^0.8.20
    lib/openzeppelin-contracts/contracts/utils/Panic.sol ^0.8.20
    lib/openzeppelin-contracts/contracts/utils/math/SafeCast.sol ^0.8.20
    src/vendor/DataTypes.sol =0.8.20
    lib/openzeppelin-contracts/contracts/token/ERC20/IERC20.sol >=0.4.16
    src/abstract/AStaticWethData.sol =0.8.20
    lib/openzeppelin-contracts/contracts/token/ERC20/IERC20.sol >=0.4.16
    lib/openzeppelin-contracts/contracts/interfaces/IERC20.sol >=0.4.16
    lib/openzeppelin-contracts/contracts/interfaces/IERC165.sol >=0.4.16
    lib/openzeppelin-contracts/contracts/token/ERC20/IERC20.sol >=0.4.16
    lib/openzeppelin-contracts/contracts/token/ERC20/IERC20.sol >=0.4.16
    lib/openzeppelin-contracts/contracts/utils/introspection/IERC165.sol >=0.4.16
Found incompatible versions:
test/Base.t.sol =0.8.20 imports:
    lib/forge-std/src/Test.sol >=0.8.13, <0.9.0
    src/protocol/VaultGuardians.sol =0.8.20
    src/dao/VaultGuardianToken.sol =0.8.20
    src/dao/VaultGuardianGovernor.sol =0.8.20
    script/NetworkConfig.s.sol =0.8.20
    script/DeployVaultGuardians.s.sol =0.8.20
    test/mocks/ERC20Mock.sol =0.8.20
    src/interfaces/IVaultData.sol =0.8.20
    test/mocks/UniswapRouterMock.sol =0.8.20
    test/mocks/UniswapFactoryMock.sol =0.8.20
    test/mocks/AavePoolMock.sol =0.8.20
    lib/forge-std/src/console.sol >=0.8.13, <0.9.0
    lib/forge-std/src/console2.sol >=0.8.13, <0.9.0
    lib/forge-std/src/safeconsole.sol >=0.8.13, <0.9.0
    lib/forge-std/src/StdAssertions.sol >=0.8.13, <0.9.0
    lib/forge-std/src/StdChains.sol >=0.8.13, <0.9.0
    lib/forge-std/src/StdCheats.sol >=0.8.13, <0.9.0
    lib/forge-std/src/StdConstants.sol >=0.8.13, <0.9.0
    lib/forge-std/src/StdError.sol >=0.8.13, <0.9.0
    lib/forge-std/src/StdInvariant.sol >=0.8.13, <0.9.0
    lib/forge-std/src/StdJson.sol >=0.8.13, <0.9.0
    lib/forge-std/src/StdMath.sol >=0.8.13, <0.9.0
    lib/forge-std/src/StdStorage.sol >=0.8.13, <0.9.0
    lib/forge-std/src/StdStyle.sol >=0.8.13, <0.9.0
    lib/forge-std/src/StdToml.sol >=0.8.13, <0.9.0
    lib/forge-std/src/StdUtils.sol >=0.8.13, <0.9.0
    lib/forge-std/src/Vm.sol >=0.8.13, <0.9.0
    lib/forge-std/src/Base.sol >=0.8.13, <0.9.0
    src/protocol/VaultGuardiansBase.sol =0.8.20
    lib/openzeppelin-contracts/contracts/access/Ownable.sol ^0.8.20
    lib/openzeppelin-contracts/contracts/token/ERC20/ERC20.sol ^0.8.20
    lib/openzeppelin-contracts/contracts/token/ERC20/extensions/ERC20Permit.sol ^0.8.24
    lib/openzeppelin-contracts/contracts/token/ERC20/extensions/ERC20Votes.sol ^0.8.24
    lib/openzeppelin-contracts/contracts/access/Ownable.sol ^0.8.20
    lib/openzeppelin-contracts/contracts/governance/Governor.sol ^0.8.24
    lib/openzeppelin-contracts/contracts/governance/extensions/GovernorCountingSimple.sol ^0.8.24
    lib/openzeppelin-contracts/contracts/governance/extensions/GovernorVotes.sol ^0.8.24
    lib/openzeppelin-contracts/contracts/governance/extensions/GovernorVotesQuorumFraction.sol ^0.8.24
    lib/forge-std/src/Script.sol >=0.8.13, <0.9.0
    test/mocks/ERC20Mock.sol =0.8.20
    test/mocks/AavePoolMock.sol =0.8.20
    test/mocks/UniswapFactoryMock.sol =0.8.20
    test/mocks/UniswapRouterMock.sol =0.8.20
    lib/forge-std/src/Script.sol >=0.8.13, <0.9.0
    script/NetworkConfig.s.sol =0.8.20
    src/protocol/VaultGuardians.sol =0.8.20
    src/dao/VaultGuardianGovernor.sol =0.8.20
    src/dao/VaultGuardianToken.sol =0.8.20
    lib/openzeppelin-contracts/contracts/token/ERC20/ERC20.sol ^0.8.20
    test/mocks/ERC20Mock.sol =0.8.20
    src/vendor/IUniswapV2Router01.sol =0.8.20
    lib/openzeppelin-contracts/contracts/token/ERC20/IERC20.sol >=0.4.16
    src/vendor/IUniswapV2Factory.sol =0.8.20
    src/vendor/IPool.sol =0.8.20
    lib/openzeppelin-contracts/contracts/token/ERC20/IERC20.sol >=0.4.16
    lib/forge-std/src/console.sol >=0.8.13, <0.9.0
    lib/forge-std/src/Vm.sol >=0.8.13, <0.9.0
    lib/forge-std/src/Vm.sol >=0.8.13, <0.9.0
    lib/forge-std/src/StdStorage.sol >=0.8.13, <0.9.0
    lib/forge-std/src/console2.sol >=0.8.13, <0.9.0
    lib/forge-std/src/Vm.sol >=0.8.13, <0.9.0
    lib/forge-std/src/interfaces/IMulticall3.sol >=0.8.13, <0.9.0
    lib/forge-std/src/Vm.sol >=0.8.13, <0.9.0
    lib/forge-std/src/Vm.sol >=0.8.13, <0.9.0
    lib/forge-std/src/Vm.sol >=0.8.13, <0.9.0
    lib/forge-std/src/Vm.sol >=0.8.13, <0.9.0
    lib/forge-std/src/Vm.sol >=0.8.13, <0.9.0
    lib/forge-std/src/interfaces/IMulticall3.sol >=0.8.13, <0.9.0
    lib/forge-std/src/StdConstants.sol >=0.8.13, <0.9.0
    lib/forge-std/src/Vm.sol >=0.8.13, <0.9.0
    lib/forge-std/src/StdStorage.sol >=0.8.13, <0.9.0
    lib/forge-std/src/Vm.sol >=0.8.13, <0.9.0
    src/protocol/VaultShares.sol =0.8.20
    lib/openzeppelin-contracts/contracts/token/ERC20/utils/SafeERC20.sol ^0.8.20
    src/interfaces/IVaultShares.sol =0.8.20
    src/abstract/AStaticTokenData.sol =0.8.20
    src/dao/VaultGuardianToken.sol =0.8.20
    lib/openzeppelin-contracts/contracts/utils/Context.sol ^0.8.20
    lib/openzeppelin-contracts/contracts/token/ERC20/IERC20.sol >=0.4.16
    lib/openzeppelin-contracts/contracts/token/ERC20/extensions/IERC20Metadata.sol >=0.6.2
    lib/openzeppelin-contracts/contracts/utils/Context.sol ^0.8.20
    lib/openzeppelin-contracts/contracts/interfaces/draft-IERC6093.sol >=0.8.4
    lib/openzeppelin-contracts/contracts/token/ERC20/extensions/IERC20Permit.sol >=0.4.16
    lib/openzeppelin-contracts/contracts/token/ERC20/ERC20.sol ^0.8.20
    lib/openzeppelin-contracts/contracts/utils/cryptography/ECDSA.sol ^0.8.20
    lib/openzeppelin-contracts/contracts/utils/cryptography/EIP712.sol ^0.8.24
    lib/openzeppelin-contracts/contracts/utils/Nonces.sol ^0.8.20
    lib/openzeppelin-contracts/contracts/token/ERC20/ERC20.sol ^0.8.20
    lib/openzeppelin-contracts/contracts/governance/utils/Votes.sol ^0.8.24
    lib/openzeppelin-contracts/contracts/utils/structs/Checkpoints.sol ^0.8.20
    lib/openzeppelin-contracts/contracts/token/ERC721/IERC721Receiver.sol >=0.5.0
    lib/openzeppelin-contracts/contracts/token/ERC1155/IERC1155Receiver.sol >=0.6.2
    lib/openzeppelin-contracts/contracts/utils/cryptography/EIP712.sol ^0.8.24
    lib/openzeppelin-contracts/contracts/utils/cryptography/SignatureChecker.sol ^0.8.24
    lib/openzeppelin-contracts/contracts/utils/introspection/ERC165.sol ^0.8.20
    lib/openzeppelin-contracts/contracts/utils/math/SafeCast.sol ^0.8.20
    lib/openzeppelin-contracts/contracts/utils/structs/DoubleEndedQueue.sol ^0.8.20
    lib/openzeppelin-contracts/contracts/utils/Address.sol ^0.8.20
    lib/openzeppelin-contracts/contracts/utils/Context.sol ^0.8.20
    lib/openzeppelin-contracts/contracts/utils/Nonces.sol ^0.8.20
    lib/openzeppelin-contracts/contracts/utils/Strings.sol ^0.8.24
    lib/openzeppelin-contracts/contracts/governance/IGovernor.sol >=0.8.4
    lib/openzeppelin-contracts/contracts/governance/Governor.sol ^0.8.24
    lib/openzeppelin-contracts/contracts/governance/Governor.sol ^0.8.24
    lib/openzeppelin-contracts/contracts/governance/utils/IVotes.sol >=0.8.4
    lib/openzeppelin-contracts/contracts/interfaces/IERC5805.sol >=0.8.4
    lib/openzeppelin-contracts/contracts/utils/types/Time.sol ^0.8.20
    lib/openzeppelin-contracts/contracts/governance/extensions/GovernorVotes.sol ^0.8.24
    lib/openzeppelin-contracts/contracts/utils/math/Math.sol ^0.8.20
    lib/openzeppelin-contracts/contracts/utils/math/SafeCast.sol ^0.8.20
    lib/openzeppelin-contracts/contracts/utils/structs/Checkpoints.sol ^0.8.20
    lib/forge-std/src/console.sol >=0.8.13, <0.9.0
    lib/forge-std/src/console2.sol >=0.8.13, <0.9.0
    lib/forge-std/src/safeconsole.sol >=0.8.13, <0.9.0
    lib/forge-std/src/StdChains.sol >=0.8.13, <0.9.0
    lib/forge-std/src/StdCheats.sol >=0.8.13, <0.9.0
    lib/forge-std/src/StdConstants.sol >=0.8.13, <0.9.0
    lib/forge-std/src/StdJson.sol >=0.8.13, <0.9.0
    lib/forge-std/src/StdMath.sol >=0.8.13, <0.9.0
    lib/forge-std/src/StdStorage.sol >=0.8.13, <0.9.0
    lib/forge-std/src/StdStyle.sol >=0.8.13, <0.9.0
    lib/forge-std/src/StdUtils.sol >=0.8.13, <0.9.0
    lib/forge-std/src/Vm.sol >=0.8.13, <0.9.0
    lib/forge-std/src/Base.sol >=0.8.13, <0.9.0
    src/vendor/DataTypes.sol =0.8.20
    lib/openzeppelin-contracts/contracts/token/ERC20/extensions/ERC4626.sol ^0.8.24
    src/interfaces/IVaultShares.sol =0.8.20
    src/protocol/investableUniverseAdapters/AaveAdapter.sol =0.8.20
    src/protocol/investableUniverseAdapters/UniswapAdapter.sol =0.8.20
    src/vendor/DataTypes.sol =0.8.20
    lib/openzeppelin-contracts/contracts/utils/ReentrancyGuard.sol ^0.8.20
    lib/openzeppelin-contracts/contracts/token/ERC20/IERC20.sol >=0.4.16
    lib/openzeppelin-contracts/contracts/interfaces/IERC1363.sol >=0.6.2
    lib/openzeppelin-contracts/contracts/interfaces/IERC4626.sol >=0.6.2
    src/interfaces/IVaultData.sol =0.8.20
    lib/openzeppelin-contracts/contracts/token/ERC20/IERC20.sol >=0.4.16
    lib/openzeppelin-contracts/contracts/token/ERC20/IERC20.sol >=0.4.16
    src/abstract/AStaticUSDCData.sol =0.8.20
    lib/openzeppelin-contracts/contracts/token/ERC20/IERC20.sol >=0.4.16
    lib/openzeppelin-contracts/contracts/utils/cryptography/MessageHashUtils.sol ^0.8.24
    lib/openzeppelin-contracts/contracts/utils/ShortStrings.sol ^0.8.20
    lib/openzeppelin-contracts/contracts/interfaces/IERC5267.sol >=0.4.16
    lib/openzeppelin-contracts/contracts/interfaces/IERC5805.sol >=0.8.4
    lib/openzeppelin-contracts/contracts/utils/Context.sol ^0.8.20
    lib/openzeppelin-contracts/contracts/utils/Nonces.sol ^0.8.20
    lib/openzeppelin-contracts/contracts/utils/cryptography/EIP712.sol ^0.8.24
    lib/openzeppelin-contracts/contracts/utils/structs/Checkpoints.sol ^0.8.20
    lib/openzeppelin-contracts/contracts/utils/math/SafeCast.sol ^0.8.20
    lib/openzeppelin-contracts/contracts/utils/cryptography/ECDSA.sol ^0.8.20
    lib/openzeppelin-contracts/contracts/utils/types/Time.sol ^0.8.20
    lib/openzeppelin-contracts/contracts/utils/math/Math.sol ^0.8.20
    lib/openzeppelin-contracts/contracts/utils/introspection/IERC165.sol >=0.4.16
    lib/openzeppelin-contracts/contracts/utils/cryptography/ECDSA.sol ^0.8.20
    lib/openzeppelin-contracts/contracts/interfaces/IERC1271.sol >=0.5.0
    lib/openzeppelin-contracts/contracts/interfaces/IERC7913.sol >=0.5.0
    lib/openzeppelin-contracts/contracts/utils/Bytes.sol ^0.8.24
    lib/openzeppelin-contracts/contracts/utils/introspection/IERC165.sol >=0.4.16
    lib/openzeppelin-contracts/contracts/utils/Panic.sol ^0.8.20
    lib/openzeppelin-contracts/contracts/utils/Errors.sol ^0.8.20
    lib/openzeppelin-contracts/contracts/utils/LowLevelCall.sol ^0.8.20
    lib/openzeppelin-contracts/contracts/utils/math/Math.sol ^0.8.20
    lib/openzeppelin-contracts/contracts/utils/math/SafeCast.sol ^0.8.20
    lib/openzeppelin-contracts/contracts/utils/math/SignedMath.sol ^0.8.20
    lib/openzeppelin-contracts/contracts/utils/Bytes.sol ^0.8.24
    lib/openzeppelin-contracts/contracts/interfaces/IERC165.sol >=0.4.16
    lib/openzeppelin-contracts/contracts/interfaces/IERC6372.sol >=0.4.16
    lib/openzeppelin-contracts/contracts/governance/utils/IVotes.sol >=0.8.4
    lib/openzeppelin-contracts/contracts/interfaces/IERC6372.sol >=0.4.16
    lib/openzeppelin-contracts/contracts/utils/math/Math.sol ^0.8.20
    lib/openzeppelin-contracts/contracts/utils/math/SafeCast.sol ^0.8.20
    lib/openzeppelin-contracts/contracts/utils/Panic.sol ^0.8.20
    lib/openzeppelin-contracts/contracts/utils/math/SafeCast.sol ^0.8.20
    lib/openzeppelin-contracts/contracts/token/ERC20/ERC20.sol ^0.8.20
    lib/openzeppelin-contracts/contracts/token/ERC20/utils/SafeERC20.sol ^0.8.20
    lib/openzeppelin-contracts/contracts/interfaces/IERC4626.sol >=0.6.2
    lib/openzeppelin-contracts/contracts/utils/LowLevelCall.sol ^0.8.20
    lib/openzeppelin-contracts/contracts/utils/Memory.sol ^0.8.24
    lib/openzeppelin-contracts/contracts/utils/math/Math.sol ^0.8.20
    src/vendor/IPool.sol =0.8.20
    lib/openzeppelin-contracts/contracts/token/ERC20/IERC20.sol >=0.4.16
    lib/openzeppelin-contracts/contracts/token/ERC20/utils/SafeERC20.sol ^0.8.20
    src/vendor/IUniswapV2Router01.sol =0.8.20
    src/vendor/IUniswapV2Factory.sol =0.8.20
    src/abstract/AStaticUSDCData.sol =0.8.20
    lib/openzeppelin-contracts/contracts/token/ERC20/utils/SafeERC20.sol ^0.8.20
    lib/openzeppelin-contracts/contracts/utils/StorageSlot.sol ^0.8.20
    lib/openzeppelin-contracts/contracts/interfaces/IERC20.sol >=0.4.16
    lib/openzeppelin-contracts/contracts/interfaces/IERC165.sol >=0.4.16
    lib/openzeppelin-contracts/contracts/token/ERC20/IERC20.sol >=0.4.16
    lib/openzeppelin-contracts/contracts/token/ERC20/extensions/IERC20Metadata.sol >=0.6.2
    lib/openzeppelin-contracts/contracts/token/ERC20/IERC20.sol >=0.4.16
    src/abstract/AStaticWethData.sol =0.8.20
    lib/openzeppelin-contracts/contracts/utils/Strings.sol ^0.8.24
    lib/openzeppelin-contracts/contracts/utils/StorageSlot.sol ^0.8.20
    lib/openzeppelin-contracts/contracts/utils/math/Math.sol ^0.8.20
    lib/openzeppelin-contracts/contracts/utils/math/SafeCast.sol ^0.8.20
    lib/openzeppelin-contracts/contracts/utils/introspection/IERC165.sol >=0.4.16
    lib/openzeppelin-contracts/contracts/utils/Panic.sol ^0.8.20
    lib/openzeppelin-contracts/contracts/utils/math/Math.sol ^0.8.20
    lib/openzeppelin-contracts/contracts/token/ERC20/IERC20.sol >=0.4.16
    lib/openzeppelin-contracts/contracts/token/ERC20/IERC20.sol >=0.4.16
Found incompatible versions:
test/fork/Fork.t.sol >=0.8.19, <0.9.0 imports:
    lib/openzeppelin-contracts/contracts/token/ERC20/IERC20.sol >=0.4.16
    lib/openzeppelin-contracts/contracts/token/ERC20/extensions/IERC20Metadata.sol >=0.6.2
    test/Base.t.sol =0.8.20
    lib/openzeppelin-contracts/contracts/token/ERC20/IERC20.sol >=0.4.16
    lib/forge-std/src/Test.sol >=0.8.13, <0.9.0
    src/protocol/VaultGuardians.sol =0.8.20
    src/dao/VaultGuardianToken.sol =0.8.20
    src/dao/VaultGuardianGovernor.sol =0.8.20
    script/NetworkConfig.s.sol =0.8.20
    script/DeployVaultGuardians.s.sol =0.8.20
    test/mocks/ERC20Mock.sol =0.8.20
    src/interfaces/IVaultData.sol =0.8.20
    test/mocks/UniswapRouterMock.sol =0.8.20
    test/mocks/UniswapFactoryMock.sol =0.8.20
    test/mocks/AavePoolMock.sol =0.8.20
    lib/forge-std/src/console.sol >=0.8.13, <0.9.0
    lib/forge-std/src/console2.sol >=0.8.13, <0.9.0
    lib/forge-std/src/safeconsole.sol >=0.8.13, <0.9.0
    lib/forge-std/src/StdAssertions.sol >=0.8.13, <0.9.0
    lib/forge-std/src/StdChains.sol >=0.8.13, <0.9.0
    lib/forge-std/src/StdCheats.sol >=0.8.13, <0.9.0
    lib/forge-std/src/StdConstants.sol >=0.8.13, <0.9.0
    lib/forge-std/src/StdError.sol >=0.8.13, <0.9.0
    lib/forge-std/src/StdInvariant.sol >=0.8.13, <0.9.0
    lib/forge-std/src/StdJson.sol >=0.8.13, <0.9.0
    lib/forge-std/src/StdMath.sol >=0.8.13, <0.9.0
    lib/forge-std/src/StdStorage.sol >=0.8.13, <0.9.0
    lib/forge-std/src/StdStyle.sol >=0.8.13, <0.9.0
    lib/forge-std/src/StdToml.sol >=0.8.13, <0.9.0
    lib/forge-std/src/StdUtils.sol >=0.8.13, <0.9.0
    lib/forge-std/src/Vm.sol >=0.8.13, <0.9.0
    lib/forge-std/src/Base.sol >=0.8.13, <0.9.0
    src/protocol/VaultGuardiansBase.sol =0.8.20
    lib/openzeppelin-contracts/contracts/access/Ownable.sol ^0.8.20
    lib/openzeppelin-contracts/contracts/token/ERC20/ERC20.sol ^0.8.20
    lib/openzeppelin-contracts/contracts/token/ERC20/extensions/ERC20Permit.sol ^0.8.24
    lib/openzeppelin-contracts/contracts/token/ERC20/extensions/ERC20Votes.sol ^0.8.24
    lib/openzeppelin-contracts/contracts/access/Ownable.sol ^0.8.20
    lib/openzeppelin-contracts/contracts/governance/Governor.sol ^0.8.24
    lib/openzeppelin-contracts/contracts/governance/extensions/GovernorCountingSimple.sol ^0.8.24
    lib/openzeppelin-contracts/contracts/governance/extensions/GovernorVotes.sol ^0.8.24
    lib/openzeppelin-contracts/contracts/governance/extensions/GovernorVotesQuorumFraction.sol ^0.8.24
    lib/forge-std/src/Script.sol >=0.8.13, <0.9.0
    test/mocks/ERC20Mock.sol =0.8.20
    test/mocks/AavePoolMock.sol =0.8.20
    test/mocks/UniswapFactoryMock.sol =0.8.20
    test/mocks/UniswapRouterMock.sol =0.8.20
    lib/forge-std/src/Script.sol >=0.8.13, <0.9.0
    script/NetworkConfig.s.sol =0.8.20
    src/protocol/VaultGuardians.sol =0.8.20
    src/dao/VaultGuardianGovernor.sol =0.8.20
    src/dao/VaultGuardianToken.sol =0.8.20
    lib/openzeppelin-contracts/contracts/token/ERC20/ERC20.sol ^0.8.20
    test/mocks/ERC20Mock.sol =0.8.20
    src/vendor/IUniswapV2Router01.sol =0.8.20
    lib/openzeppelin-contracts/contracts/token/ERC20/IERC20.sol >=0.4.16
    src/vendor/IUniswapV2Factory.sol =0.8.20
    src/vendor/IPool.sol =0.8.20
    lib/openzeppelin-contracts/contracts/token/ERC20/IERC20.sol >=0.4.16
    lib/forge-std/src/console.sol >=0.8.13, <0.9.0
    lib/forge-std/src/Vm.sol >=0.8.13, <0.9.0
    lib/forge-std/src/Vm.sol >=0.8.13, <0.9.0
    lib/forge-std/src/StdStorage.sol >=0.8.13, <0.9.0
    lib/forge-std/src/console2.sol >=0.8.13, <0.9.0
    lib/forge-std/src/Vm.sol >=0.8.13, <0.9.0
    lib/forge-std/src/interfaces/IMulticall3.sol >=0.8.13, <0.9.0
    lib/forge-std/src/Vm.sol >=0.8.13, <0.9.0
    lib/forge-std/src/Vm.sol >=0.8.13, <0.9.0
    lib/forge-std/src/Vm.sol >=0.8.13, <0.9.0
    lib/forge-std/src/Vm.sol >=0.8.13, <0.9.0
    lib/forge-std/src/Vm.sol >=0.8.13, <0.9.0
    lib/forge-std/src/interfaces/IMulticall3.sol >=0.8.13, <0.9.0
    lib/forge-std/src/StdConstants.sol >=0.8.13, <0.9.0
    lib/forge-std/src/Vm.sol >=0.8.13, <0.9.0
    lib/forge-std/src/StdStorage.sol >=0.8.13, <0.9.0
    lib/forge-std/src/Vm.sol >=0.8.13, <0.9.0
    src/protocol/VaultShares.sol =0.8.20
    lib/openzeppelin-contracts/contracts/token/ERC20/utils/SafeERC20.sol ^0.8.20
    src/interfaces/IVaultShares.sol =0.8.20
    src/abstract/AStaticTokenData.sol =0.8.20
    src/dao/VaultGuardianToken.sol =0.8.20
    lib/openzeppelin-contracts/contracts/utils/Context.sol ^0.8.20
    lib/openzeppelin-contracts/contracts/token/ERC20/IERC20.sol >=0.4.16
    lib/openzeppelin-contracts/contracts/token/ERC20/extensions/IERC20Metadata.sol >=0.6.2
    lib/openzeppelin-contracts/contracts/utils/Context.sol ^0.8.20
    lib/openzeppelin-contracts/contracts/interfaces/draft-IERC6093.sol >=0.8.4
    lib/openzeppelin-contracts/contracts/token/ERC20/extensions/IERC20Permit.sol >=0.4.16
    lib/openzeppelin-contracts/contracts/token/ERC20/ERC20.sol ^0.8.20
    lib/openzeppelin-contracts/contracts/utils/cryptography/ECDSA.sol ^0.8.20
    lib/openzeppelin-contracts/contracts/utils/cryptography/EIP712.sol ^0.8.24
    lib/openzeppelin-contracts/contracts/utils/Nonces.sol ^0.8.20
    lib/openzeppelin-contracts/contracts/token/ERC20/ERC20.sol ^0.8.20
    lib/openzeppelin-contracts/contracts/governance/utils/Votes.sol ^0.8.24
    lib/openzeppelin-contracts/contracts/utils/structs/Checkpoints.sol ^0.8.20
    lib/openzeppelin-contracts/contracts/token/ERC721/IERC721Receiver.sol >=0.5.0
    lib/openzeppelin-contracts/contracts/token/ERC1155/IERC1155Receiver.sol >=0.6.2
    lib/openzeppelin-contracts/contracts/utils/cryptography/EIP712.sol ^0.8.24
    lib/openzeppelin-contracts/contracts/utils/cryptography/SignatureChecker.sol ^0.8.24
    lib/openzeppelin-contracts/contracts/utils/introspection/ERC165.sol ^0.8.20
    lib/openzeppelin-contracts/contracts/utils/math/SafeCast.sol ^0.8.20
    lib/openzeppelin-contracts/contracts/utils/structs/DoubleEndedQueue.sol ^0.8.20
    lib/openzeppelin-contracts/contracts/utils/Address.sol ^0.8.20
    lib/openzeppelin-contracts/contracts/utils/Context.sol ^0.8.20
    lib/openzeppelin-contracts/contracts/utils/Nonces.sol ^0.8.20
    lib/openzeppelin-contracts/contracts/utils/Strings.sol ^0.8.24
    lib/openzeppelin-contracts/contracts/governance/IGovernor.sol >=0.8.4
    lib/openzeppelin-contracts/contracts/governance/Governor.sol ^0.8.24
    lib/openzeppelin-contracts/contracts/governance/Governor.sol ^0.8.24
    lib/openzeppelin-contracts/contracts/governance/utils/IVotes.sol >=0.8.4
    lib/openzeppelin-contracts/contracts/interfaces/IERC5805.sol >=0.8.4
    lib/openzeppelin-contracts/contracts/utils/types/Time.sol ^0.8.20
    lib/openzeppelin-contracts/contracts/governance/extensions/GovernorVotes.sol ^0.8.24
    lib/openzeppelin-contracts/contracts/utils/math/Math.sol ^0.8.20
    lib/openzeppelin-contracts/contracts/utils/math/SafeCast.sol ^0.8.20
    lib/openzeppelin-contracts/contracts/utils/structs/Checkpoints.sol ^0.8.20
    lib/forge-std/src/console.sol >=0.8.13, <0.9.0
    lib/forge-std/src/console2.sol >=0.8.13, <0.9.0
    lib/forge-std/src/safeconsole.sol >=0.8.13, <0.9.0
    lib/forge-std/src/StdChains.sol >=0.8.13, <0.9.0
    lib/forge-std/src/StdCheats.sol >=0.8.13, <0.9.0
    lib/forge-std/src/StdConstants.sol >=0.8.13, <0.9.0
    lib/forge-std/src/StdJson.sol >=0.8.13, <0.9.0
    lib/forge-std/src/StdMath.sol >=0.8.13, <0.9.0
    lib/forge-std/src/StdStorage.sol >=0.8.13, <0.9.0
    lib/forge-std/src/StdStyle.sol >=0.8.13, <0.9.0
    lib/forge-std/src/StdUtils.sol >=0.8.13, <0.9.0
    lib/forge-std/src/Vm.sol >=0.8.13, <0.9.0
    lib/forge-std/src/Base.sol >=0.8.13, <0.9.0
    src/vendor/DataTypes.sol =0.8.20
    lib/openzeppelin-contracts/contracts/token/ERC20/extensions/ERC4626.sol ^0.8.24
    src/interfaces/IVaultShares.sol =0.8.20
    src/protocol/investableUniverseAdapters/AaveAdapter.sol =0.8.20
    src/protocol/investableUniverseAdapters/UniswapAdapter.sol =0.8.20
    src/vendor/DataTypes.sol =0.8.20
    lib/openzeppelin-contracts/contracts/utils/ReentrancyGuard.sol ^0.8.20
    lib/openzeppelin-contracts/contracts/token/ERC20/IERC20.sol >=0.4.16
    lib/openzeppelin-contracts/contracts/interfaces/IERC1363.sol >=0.6.2
    lib/openzeppelin-contracts/contracts/interfaces/IERC4626.sol >=0.6.2
    src/interfaces/IVaultData.sol =0.8.20
    lib/openzeppelin-contracts/contracts/token/ERC20/IERC20.sol >=0.4.16
    lib/openzeppelin-contracts/contracts/token/ERC20/IERC20.sol >=0.4.16
    src/abstract/AStaticUSDCData.sol =0.8.20
    lib/openzeppelin-contracts/contracts/utils/cryptography/MessageHashUtils.sol ^0.8.24
    lib/openzeppelin-contracts/contracts/utils/ShortStrings.sol ^0.8.20
    lib/openzeppelin-contracts/contracts/interfaces/IERC5267.sol >=0.4.16
    lib/openzeppelin-contracts/contracts/interfaces/IERC5805.sol >=0.8.4
    lib/openzeppelin-contracts/contracts/utils/Context.sol ^0.8.20
    lib/openzeppelin-contracts/contracts/utils/Nonces.sol ^0.8.20
    lib/openzeppelin-contracts/contracts/utils/cryptography/EIP712.sol ^0.8.24
    lib/openzeppelin-contracts/contracts/utils/structs/Checkpoints.sol ^0.8.20
    lib/openzeppelin-contracts/contracts/utils/math/SafeCast.sol ^0.8.20
    lib/openzeppelin-contracts/contracts/utils/cryptography/ECDSA.sol ^0.8.20
    lib/openzeppelin-contracts/contracts/utils/types/Time.sol ^0.8.20
    lib/openzeppelin-contracts/contracts/utils/math/Math.sol ^0.8.20
    lib/openzeppelin-contracts/contracts/utils/introspection/IERC165.sol >=0.4.16
    lib/openzeppelin-contracts/contracts/utils/cryptography/ECDSA.sol ^0.8.20
    lib/openzeppelin-contracts/contracts/interfaces/IERC1271.sol >=0.5.0
    lib/openzeppelin-contracts/contracts/interfaces/IERC7913.sol >=0.5.0
    lib/openzeppelin-contracts/contracts/utils/Bytes.sol ^0.8.24
    lib/openzeppelin-contracts/contracts/utils/introspection/IERC165.sol >=0.4.16
    lib/openzeppelin-contracts/contracts/utils/Panic.sol ^0.8.20
    lib/openzeppelin-contracts/contracts/utils/Errors.sol ^0.8.20
    lib/openzeppelin-contracts/contracts/utils/LowLevelCall.sol ^0.8.20
    lib/openzeppelin-contracts/contracts/utils/math/Math.sol ^0.8.20
    lib/openzeppelin-contracts/contracts/utils/math/SafeCast.sol ^0.8.20
    lib/openzeppelin-contracts/contracts/utils/math/SignedMath.sol ^0.8.20
    lib/openzeppelin-contracts/contracts/utils/Bytes.sol ^0.8.24
    lib/openzeppelin-contracts/contracts/interfaces/IERC165.sol >=0.4.16
    lib/openzeppelin-contracts/contracts/interfaces/IERC6372.sol >=0.4.16
    lib/openzeppelin-contracts/contracts/governance/utils/IVotes.sol >=0.8.4
    lib/openzeppelin-contracts/contracts/interfaces/IERC6372.sol >=0.4.16
    lib/openzeppelin-contracts/contracts/utils/math/Math.sol ^0.8.20
    lib/openzeppelin-contracts/contracts/utils/math/SafeCast.sol ^0.8.20
    lib/openzeppelin-contracts/contracts/utils/Panic.sol ^0.8.20
    lib/openzeppelin-contracts/contracts/utils/math/SafeCast.sol ^0.8.20
    lib/openzeppelin-contracts/contracts/token/ERC20/ERC20.sol ^0.8.20
    lib/openzeppelin-contracts/contracts/token/ERC20/utils/SafeERC20.sol ^0.8.20
    lib/openzeppelin-contracts/contracts/interfaces/IERC4626.sol >=0.6.2
    lib/openzeppelin-contracts/contracts/utils/LowLevelCall.sol ^0.8.20
    lib/openzeppelin-contracts/contracts/utils/Memory.sol ^0.8.24
    lib/openzeppelin-contracts/contracts/utils/math/Math.sol ^0.8.20
    src/vendor/IPool.sol =0.8.20
    lib/openzeppelin-contracts/contracts/token/ERC20/IERC20.sol >=0.4.16
    lib/openzeppelin-contracts/contracts/token/ERC20/utils/SafeERC20.sol ^0.8.20
    src/vendor/IUniswapV2Router01.sol =0.8.20
    src/vendor/IUniswapV2Factory.sol =0.8.20
    src/abstract/AStaticUSDCData.sol =0.8.20
    lib/openzeppelin-contracts/contracts/token/ERC20/utils/SafeERC20.sol ^0.8.20
    lib/openzeppelin-contracts/contracts/utils/StorageSlot.sol ^0.8.20
    lib/openzeppelin-contracts/contracts/interfaces/IERC20.sol >=0.4.16
    lib/openzeppelin-contracts/contracts/interfaces/IERC165.sol >=0.4.16
    lib/openzeppelin-contracts/contracts/token/ERC20/IERC20.sol >=0.4.16
    lib/openzeppelin-contracts/contracts/token/ERC20/extensions/IERC20Metadata.sol >=0.6.2
    lib/openzeppelin-contracts/contracts/token/ERC20/IERC20.sol >=0.4.16
    src/abstract/AStaticWethData.sol =0.8.20
    lib/openzeppelin-contracts/contracts/utils/Strings.sol ^0.8.24
    lib/openzeppelin-contracts/contracts/utils/StorageSlot.sol ^0.8.20
    lib/openzeppelin-contracts/contracts/utils/math/Math.sol ^0.8.20
    lib/openzeppelin-contracts/contracts/utils/math/SafeCast.sol ^0.8.20
    lib/openzeppelin-contracts/contracts/utils/introspection/IERC165.sol >=0.4.16
    lib/openzeppelin-contracts/contracts/utils/Panic.sol ^0.8.20
    lib/openzeppelin-contracts/contracts/utils/math/Math.sol ^0.8.20
    lib/openzeppelin-contracts/contracts/token/ERC20/IERC20.sol >=0.4.16
    lib/openzeppelin-contracts/contracts/token/ERC20/IERC20.sol >=0.4.16
Found incompatible versions:
test/fork/WethFork.t.sol >=0.8.19, <0.9.0 imports:
    lib/openzeppelin-contracts/contracts/token/ERC20/IERC20.sol >=0.4.16
    lib/openzeppelin-contracts/contracts/token/ERC20/extensions/IERC20Metadata.sol >=0.6.2
    src/protocol/VaultShares.sol =0.8.20
    test/fork/Fork.t.sol >=0.8.19, <0.9.0
    lib/openzeppelin-contracts/contracts/token/ERC20/IERC20.sol >=0.4.16
    lib/openzeppelin-contracts/contracts/token/ERC20/extensions/ERC4626.sol ^0.8.24
    src/interfaces/IVaultShares.sol =0.8.20
    src/protocol/investableUniverseAdapters/AaveAdapter.sol =0.8.20
    src/protocol/investableUniverseAdapters/UniswapAdapter.sol =0.8.20
    src/vendor/DataTypes.sol =0.8.20
    lib/openzeppelin-contracts/contracts/utils/ReentrancyGuard.sol ^0.8.20
    lib/openzeppelin-contracts/contracts/token/ERC20/IERC20.sol >=0.4.16
    lib/openzeppelin-contracts/contracts/token/ERC20/extensions/IERC20Metadata.sol >=0.6.2
    test/Base.t.sol =0.8.20
    lib/openzeppelin-contracts/contracts/token/ERC20/ERC20.sol ^0.8.20
    lib/openzeppelin-contracts/contracts/token/ERC20/utils/SafeERC20.sol ^0.8.20
    lib/openzeppelin-contracts/contracts/interfaces/IERC4626.sol >=0.6.2
    lib/openzeppelin-contracts/contracts/utils/LowLevelCall.sol ^0.8.20
    lib/openzeppelin-contracts/contracts/utils/Memory.sol ^0.8.24
    lib/openzeppelin-contracts/contracts/utils/math/Math.sol ^0.8.20
    lib/openzeppelin-contracts/contracts/interfaces/IERC4626.sol >=0.6.2
    src/interfaces/IVaultData.sol =0.8.20
    lib/openzeppelin-contracts/contracts/token/ERC20/IERC20.sol >=0.4.16
    src/vendor/IPool.sol =0.8.20
    lib/openzeppelin-contracts/contracts/token/ERC20/IERC20.sol >=0.4.16
    lib/openzeppelin-contracts/contracts/token/ERC20/utils/SafeERC20.sol ^0.8.20
    src/vendor/IUniswapV2Router01.sol =0.8.20
    src/vendor/IUniswapV2Factory.sol =0.8.20
    src/abstract/AStaticUSDCData.sol =0.8.20
    lib/openzeppelin-contracts/contracts/token/ERC20/utils/SafeERC20.sol ^0.8.20
    lib/openzeppelin-contracts/contracts/utils/StorageSlot.sol ^0.8.20
    lib/forge-std/src/Test.sol >=0.8.13, <0.9.0
    src/protocol/VaultGuardians.sol =0.8.20
    src/dao/VaultGuardianToken.sol =0.8.20
    src/dao/VaultGuardianGovernor.sol =0.8.20
    script/NetworkConfig.s.sol =0.8.20
    script/DeployVaultGuardians.s.sol =0.8.20
    test/mocks/ERC20Mock.sol =0.8.20
    src/interfaces/IVaultData.sol =0.8.20
    test/mocks/UniswapRouterMock.sol =0.8.20
    test/mocks/UniswapFactoryMock.sol =0.8.20
    test/mocks/AavePoolMock.sol =0.8.20
    lib/openzeppelin-contracts/contracts/token/ERC20/IERC20.sol >=0.4.16
    lib/openzeppelin-contracts/contracts/token/ERC20/extensions/IERC20Metadata.sol >=0.6.2
    lib/openzeppelin-contracts/contracts/utils/Context.sol ^0.8.20
    lib/openzeppelin-contracts/contracts/interfaces/draft-IERC6093.sol >=0.8.4
    lib/openzeppelin-contracts/contracts/token/ERC20/IERC20.sol >=0.4.16
    lib/openzeppelin-contracts/contracts/interfaces/IERC1363.sol >=0.6.2
    lib/openzeppelin-contracts/contracts/token/ERC20/IERC20.sol >=0.4.16
    lib/openzeppelin-contracts/contracts/token/ERC20/extensions/IERC20Metadata.sol >=0.6.2
    lib/openzeppelin-contracts/contracts/utils/Panic.sol ^0.8.20
    lib/openzeppelin-contracts/contracts/utils/math/Math.sol ^0.8.20
    lib/openzeppelin-contracts/contracts/utils/Panic.sol ^0.8.20
    lib/openzeppelin-contracts/contracts/utils/math/SafeCast.sol ^0.8.20
    src/vendor/DataTypes.sol =0.8.20
    lib/openzeppelin-contracts/contracts/token/ERC20/IERC20.sol >=0.4.16
    src/abstract/AStaticWethData.sol =0.8.20
    lib/forge-std/src/console.sol >=0.8.13, <0.9.0
    lib/forge-std/src/console2.sol >=0.8.13, <0.9.0
    lib/forge-std/src/safeconsole.sol >=0.8.13, <0.9.0
    lib/forge-std/src/StdAssertions.sol >=0.8.13, <0.9.0
    lib/forge-std/src/StdChains.sol >=0.8.13, <0.9.0
    lib/forge-std/src/StdCheats.sol >=0.8.13, <0.9.0
    lib/forge-std/src/StdConstants.sol >=0.8.13, <0.9.0
    lib/forge-std/src/StdError.sol >=0.8.13, <0.9.0
    lib/forge-std/src/StdInvariant.sol >=0.8.13, <0.9.0
    lib/forge-std/src/StdJson.sol >=0.8.13, <0.9.0
    lib/forge-std/src/StdMath.sol >=0.8.13, <0.9.0
    lib/forge-std/src/StdStorage.sol >=0.8.13, <0.9.0
    lib/forge-std/src/StdStyle.sol >=0.8.13, <0.9.0
    lib/forge-std/src/StdToml.sol >=0.8.13, <0.9.0
    lib/forge-std/src/StdUtils.sol >=0.8.13, <0.9.0
    lib/forge-std/src/Vm.sol >=0.8.13, <0.9.0
    lib/forge-std/src/Base.sol >=0.8.13, <0.9.0
    src/protocol/VaultGuardiansBase.sol =0.8.20
    lib/openzeppelin-contracts/contracts/access/Ownable.sol ^0.8.20
    lib/openzeppelin-contracts/contracts/token/ERC20/ERC20.sol ^0.8.20
    lib/openzeppelin-contracts/contracts/token/ERC20/extensions/ERC20Permit.sol ^0.8.24
    lib/openzeppelin-contracts/contracts/token/ERC20/extensions/ERC20Votes.sol ^0.8.24
    lib/openzeppelin-contracts/contracts/access/Ownable.sol ^0.8.20
    lib/openzeppelin-contracts/contracts/governance/Governor.sol ^0.8.24
    lib/openzeppelin-contracts/contracts/governance/extensions/GovernorCountingSimple.sol ^0.8.24
    lib/openzeppelin-contracts/contracts/governance/extensions/GovernorVotes.sol ^0.8.24
    lib/openzeppelin-contracts/contracts/governance/extensions/GovernorVotesQuorumFraction.sol ^0.8.24
    lib/forge-std/src/Script.sol >=0.8.13, <0.9.0
    test/mocks/ERC20Mock.sol =0.8.20
    test/mocks/AavePoolMock.sol =0.8.20
    test/mocks/UniswapFactoryMock.sol =0.8.20
    test/mocks/UniswapRouterMock.sol =0.8.20
    lib/forge-std/src/Script.sol >=0.8.13, <0.9.0
    script/NetworkConfig.s.sol =0.8.20
    src/protocol/VaultGuardians.sol =0.8.20
    src/dao/VaultGuardianGovernor.sol =0.8.20
    src/dao/VaultGuardianToken.sol =0.8.20
    lib/openzeppelin-contracts/contracts/token/ERC20/ERC20.sol ^0.8.20
    test/mocks/ERC20Mock.sol =0.8.20
    src/vendor/IUniswapV2Router01.sol =0.8.20
    lib/openzeppelin-contracts/contracts/token/ERC20/IERC20.sol >=0.4.16
    src/vendor/IUniswapV2Factory.sol =0.8.20
    src/vendor/IPool.sol =0.8.20
    lib/openzeppelin-contracts/contracts/token/ERC20/IERC20.sol >=0.4.16
    lib/openzeppelin-contracts/contracts/interfaces/IERC20.sol >=0.4.16
    lib/openzeppelin-contracts/contracts/interfaces/IERC165.sol >=0.4.16
    lib/openzeppelin-contracts/contracts/token/ERC20/IERC20.sol >=0.4.16
    lib/forge-std/src/console.sol >=0.8.13, <0.9.0
    lib/forge-std/src/Vm.sol >=0.8.13, <0.9.0
    lib/forge-std/src/Vm.sol >=0.8.13, <0.9.0
    lib/forge-std/src/StdStorage.sol >=0.8.13, <0.9.0
    lib/forge-std/src/console2.sol >=0.8.13, <0.9.0
    lib/forge-std/src/Vm.sol >=0.8.13, <0.9.0
    lib/forge-std/src/interfaces/IMulticall3.sol >=0.8.13, <0.9.0
    lib/forge-std/src/Vm.sol >=0.8.13, <0.9.0
    lib/forge-std/src/Vm.sol >=0.8.13, <0.9.0
    lib/forge-std/src/Vm.sol >=0.8.13, <0.9.0
    lib/forge-std/src/Vm.sol >=0.8.13, <0.9.0
    lib/forge-std/src/Vm.sol >=0.8.13, <0.9.0
    lib/forge-std/src/interfaces/IMulticall3.sol >=0.8.13, <0.9.0
    lib/forge-std/src/StdConstants.sol >=0.8.13, <0.9.0
    lib/forge-std/src/Vm.sol >=0.8.13, <0.9.0
    lib/forge-std/src/StdStorage.sol >=0.8.13, <0.9.0
    lib/forge-std/src/Vm.sol >=0.8.13, <0.9.0
    src/protocol/VaultShares.sol =0.8.20
    lib/openzeppelin-contracts/contracts/token/ERC20/utils/SafeERC20.sol ^0.8.20
    src/interfaces/IVaultShares.sol =0.8.20
    src/abstract/AStaticTokenData.sol =0.8.20
    src/dao/VaultGuardianToken.sol =0.8.20
    lib/openzeppelin-contracts/contracts/utils/Context.sol ^0.8.20
    lib/openzeppelin-contracts/contracts/token/ERC20/extensions/IERC20Permit.sol >=0.4.16
    lib/openzeppelin-contracts/contracts/token/ERC20/ERC20.sol ^0.8.20
    lib/openzeppelin-contracts/contracts/utils/cryptography/ECDSA.sol ^0.8.20
    lib/openzeppelin-contracts/contracts/utils/cryptography/EIP712.sol ^0.8.24
    lib/openzeppelin-contracts/contracts/utils/Nonces.sol ^0.8.20
    lib/openzeppelin-contracts/contracts/token/ERC20/ERC20.sol ^0.8.20
    lib/openzeppelin-contracts/contracts/governance/utils/Votes.sol ^0.8.24
    lib/openzeppelin-contracts/contracts/utils/structs/Checkpoints.sol ^0.8.20
    lib/openzeppelin-contracts/contracts/token/ERC721/IERC721Receiver.sol >=0.5.0
    lib/openzeppelin-contracts/contracts/token/ERC1155/IERC1155Receiver.sol >=0.6.2
    lib/openzeppelin-contracts/contracts/utils/cryptography/EIP712.sol ^0.8.24
    lib/openzeppelin-contracts/contracts/utils/cryptography/SignatureChecker.sol ^0.8.24
    lib/openzeppelin-contracts/contracts/utils/introspection/ERC165.sol ^0.8.20
    lib/openzeppelin-contracts/contracts/utils/math/SafeCast.sol ^0.8.20
    lib/openzeppelin-contracts/contracts/utils/structs/DoubleEndedQueue.sol ^0.8.20
    lib/openzeppelin-contracts/contracts/utils/Address.sol ^0.8.20
    lib/openzeppelin-contracts/contracts/utils/Context.sol ^0.8.20
    lib/openzeppelin-contracts/contracts/utils/Nonces.sol ^0.8.20
    lib/openzeppelin-contracts/contracts/utils/Strings.sol ^0.8.24
    lib/openzeppelin-contracts/contracts/governance/IGovernor.sol >=0.8.4
    lib/openzeppelin-contracts/contracts/governance/Governor.sol ^0.8.24
    lib/openzeppelin-contracts/contracts/governance/Governor.sol ^0.8.24
    lib/openzeppelin-contracts/contracts/governance/utils/IVotes.sol >=0.8.4
    lib/openzeppelin-contracts/contracts/interfaces/IERC5805.sol >=0.8.4
    lib/openzeppelin-contracts/contracts/utils/types/Time.sol ^0.8.20
    lib/openzeppelin-contracts/contracts/governance/extensions/GovernorVotes.sol ^0.8.24
    lib/openzeppelin-contracts/contracts/utils/math/Math.sol ^0.8.20
    lib/openzeppelin-contracts/contracts/utils/math/SafeCast.sol ^0.8.20
    lib/openzeppelin-contracts/contracts/utils/structs/Checkpoints.sol ^0.8.20
    lib/forge-std/src/console.sol >=0.8.13, <0.9.0
    lib/forge-std/src/console2.sol >=0.8.13, <0.9.0
    lib/forge-std/src/safeconsole.sol >=0.8.13, <0.9.0
    lib/forge-std/src/StdChains.sol >=0.8.13, <0.9.0
    lib/forge-std/src/StdCheats.sol >=0.8.13, <0.9.0
    lib/forge-std/src/StdConstants.sol >=0.8.13, <0.9.0
    lib/forge-std/src/StdJson.sol >=0.8.13, <0.9.0
    lib/forge-std/src/StdMath.sol >=0.8.13, <0.9.0
    lib/forge-std/src/StdStorage.sol >=0.8.13, <0.9.0
    lib/forge-std/src/StdStyle.sol >=0.8.13, <0.9.0
    lib/forge-std/src/StdUtils.sol >=0.8.13, <0.9.0
    lib/forge-std/src/Vm.sol >=0.8.13, <0.9.0
    lib/forge-std/src/Base.sol >=0.8.13, <0.9.0
    lib/openzeppelin-contracts/contracts/token/ERC20/IERC20.sol >=0.4.16
    lib/openzeppelin-contracts/contracts/utils/introspection/IERC165.sol >=0.4.16
    lib/openzeppelin-contracts/contracts/token/ERC20/IERC20.sol >=0.4.16
    src/abstract/AStaticUSDCData.sol =0.8.20
    lib/openzeppelin-contracts/contracts/utils/cryptography/MessageHashUtils.sol ^0.8.24
    lib/openzeppelin-contracts/contracts/utils/ShortStrings.sol ^0.8.20
    lib/openzeppelin-contracts/contracts/interfaces/IERC5267.sol >=0.4.16
    lib/openzeppelin-contracts/contracts/interfaces/IERC5805.sol >=0.8.4
    lib/openzeppelin-contracts/contracts/utils/Context.sol ^0.8.20
    lib/openzeppelin-contracts/contracts/utils/Nonces.sol ^0.8.20
    lib/openzeppelin-contracts/contracts/utils/cryptography/EIP712.sol ^0.8.24
    lib/openzeppelin-contracts/contracts/utils/structs/Checkpoints.sol ^0.8.20
    lib/openzeppelin-contracts/contracts/utils/math/SafeCast.sol ^0.8.20
    lib/openzeppelin-contracts/contracts/utils/cryptography/ECDSA.sol ^0.8.20
    lib/openzeppelin-contracts/contracts/utils/types/Time.sol ^0.8.20
    lib/openzeppelin-contracts/contracts/utils/math/Math.sol ^0.8.20
    lib/openzeppelin-contracts/contracts/utils/introspection/IERC165.sol >=0.4.16
    lib/openzeppelin-contracts/contracts/utils/cryptography/ECDSA.sol ^0.8.20
    lib/openzeppelin-contracts/contracts/interfaces/IERC1271.sol >=0.5.0
    lib/openzeppelin-contracts/contracts/interfaces/IERC7913.sol >=0.5.0
    lib/openzeppelin-contracts/contracts/utils/Bytes.sol ^0.8.24
    lib/openzeppelin-contracts/contracts/utils/introspection/IERC165.sol >=0.4.16
    lib/openzeppelin-contracts/contracts/utils/Panic.sol ^0.8.20
    lib/openzeppelin-contracts/contracts/utils/Errors.sol ^0.8.20
    lib/openzeppelin-contracts/contracts/utils/LowLevelCall.sol ^0.8.20
    lib/openzeppelin-contracts/contracts/utils/math/Math.sol ^0.8.20
    lib/openzeppelin-contracts/contracts/utils/math/SafeCast.sol ^0.8.20
    lib/openzeppelin-contracts/contracts/utils/math/SignedMath.sol ^0.8.20
    lib/openzeppelin-contracts/contracts/utils/Bytes.sol ^0.8.24
    lib/openzeppelin-contracts/contracts/interfaces/IERC165.sol >=0.4.16
    lib/openzeppelin-contracts/contracts/interfaces/IERC6372.sol >=0.4.16
    lib/openzeppelin-contracts/contracts/governance/utils/IVotes.sol >=0.8.4
    lib/openzeppelin-contracts/contracts/interfaces/IERC6372.sol >=0.4.16
    lib/openzeppelin-contracts/contracts/utils/math/Math.sol ^0.8.20
    lib/openzeppelin-contracts/contracts/utils/math/SafeCast.sol ^0.8.20
    lib/openzeppelin-contracts/contracts/utils/Strings.sol ^0.8.24
    lib/openzeppelin-contracts/contracts/utils/StorageSlot.sol ^0.8.20
    lib/openzeppelin-contracts/contracts/utils/math/Math.sol ^0.8.20
    lib/openzeppelin-contracts/contracts/utils/math/SafeCast.sol ^0.8.20
Found incompatible versions:
test/unit/concrete/VaultGuardiansBaseTest.t.sol =0.8.20 imports:
    test/Base.t.sol =0.8.20
    src/protocol/VaultShares.sol =0.8.20
    src/protocol/VaultGuardians.sol =0.8.20
    test/mocks/ERC20Mock.sol =0.8.20
    src/protocol/VaultGuardiansBase.sol =0.8.20
    src/protocol/VaultGuardians.sol =0.8.20
    src/dao/VaultGuardianGovernor.sol =0.8.20
    src/dao/VaultGuardianToken.sol =0.8.20
    lib/forge-std/src/console.sol >=0.8.13, <0.9.0
    lib/forge-std/src/Test.sol >=0.8.13, <0.9.0
    src/protocol/VaultGuardians.sol =0.8.20
    src/dao/VaultGuardianToken.sol =0.8.20
    src/dao/VaultGuardianGovernor.sol =0.8.20
    script/NetworkConfig.s.sol =0.8.20
    script/DeployVaultGuardians.s.sol =0.8.20
    test/mocks/ERC20Mock.sol =0.8.20
    src/interfaces/IVaultData.sol =0.8.20
    test/mocks/UniswapRouterMock.sol =0.8.20
    test/mocks/UniswapFactoryMock.sol =0.8.20
    test/mocks/AavePoolMock.sol =0.8.20
    lib/openzeppelin-contracts/contracts/token/ERC20/extensions/ERC4626.sol ^0.8.24
    src/interfaces/IVaultShares.sol =0.8.20
    src/protocol/investableUniverseAdapters/AaveAdapter.sol =0.8.20
    src/protocol/investableUniverseAdapters/UniswapAdapter.sol =0.8.20
    src/vendor/DataTypes.sol =0.8.20
    lib/openzeppelin-contracts/contracts/utils/ReentrancyGuard.sol ^0.8.20
    src/protocol/VaultGuardiansBase.sol =0.8.20
    lib/openzeppelin-contracts/contracts/access/Ownable.sol ^0.8.20
    lib/openzeppelin-contracts/contracts/token/ERC20/ERC20.sol ^0.8.20
    src/protocol/VaultShares.sol =0.8.20
    lib/openzeppelin-contracts/contracts/token/ERC20/utils/SafeERC20.sol ^0.8.20
    src/interfaces/IVaultShares.sol =0.8.20
    src/abstract/AStaticTokenData.sol =0.8.20
    src/dao/VaultGuardianToken.sol =0.8.20
    lib/openzeppelin-contracts/contracts/governance/Governor.sol ^0.8.24
    lib/openzeppelin-contracts/contracts/governance/extensions/GovernorCountingSimple.sol ^0.8.24
    lib/openzeppelin-contracts/contracts/governance/extensions/GovernorVotes.sol ^0.8.24
    lib/openzeppelin-contracts/contracts/governance/extensions/GovernorVotesQuorumFraction.sol ^0.8.24
    lib/openzeppelin-contracts/contracts/token/ERC20/ERC20.sol ^0.8.20
    lib/openzeppelin-contracts/contracts/token/ERC20/extensions/ERC20Permit.sol ^0.8.24
    lib/openzeppelin-contracts/contracts/token/ERC20/extensions/ERC20Votes.sol ^0.8.24
    lib/openzeppelin-contracts/contracts/access/Ownable.sol ^0.8.20
    lib/forge-std/src/console.sol >=0.8.13, <0.9.0
    lib/forge-std/src/console2.sol >=0.8.13, <0.9.0
    lib/forge-std/src/safeconsole.sol >=0.8.13, <0.9.0
    lib/forge-std/src/StdAssertions.sol >=0.8.13, <0.9.0
    lib/forge-std/src/StdChains.sol >=0.8.13, <0.9.0
    lib/forge-std/src/StdCheats.sol >=0.8.13, <0.9.0
    lib/forge-std/src/StdConstants.sol >=0.8.13, <0.9.0
    lib/forge-std/src/StdError.sol >=0.8.13, <0.9.0
    lib/forge-std/src/StdInvariant.sol >=0.8.13, <0.9.0
    lib/forge-std/src/StdJson.sol >=0.8.13, <0.9.0
    lib/forge-std/src/StdMath.sol >=0.8.13, <0.9.0
    lib/forge-std/src/StdStorage.sol >=0.8.13, <0.9.0
    lib/forge-std/src/StdStyle.sol >=0.8.13, <0.9.0
    lib/forge-std/src/StdToml.sol >=0.8.13, <0.9.0
    lib/forge-std/src/StdUtils.sol >=0.8.13, <0.9.0
    lib/forge-std/src/Vm.sol >=0.8.13, <0.9.0
    lib/forge-std/src/Base.sol >=0.8.13, <0.9.0
    lib/forge-std/src/Script.sol >=0.8.13, <0.9.0
    test/mocks/ERC20Mock.sol =0.8.20
    test/mocks/AavePoolMock.sol =0.8.20
    test/mocks/UniswapFactoryMock.sol =0.8.20
    test/mocks/UniswapRouterMock.sol =0.8.20
    lib/forge-std/src/Script.sol >=0.8.13, <0.9.0
    script/NetworkConfig.s.sol =0.8.20
    src/protocol/VaultGuardians.sol =0.8.20
    src/dao/VaultGuardianGovernor.sol =0.8.20
    src/dao/VaultGuardianToken.sol =0.8.20
    test/mocks/ERC20Mock.sol =0.8.20
    src/vendor/IUniswapV2Router01.sol =0.8.20
    lib/openzeppelin-contracts/contracts/token/ERC20/IERC20.sol >=0.4.16
    src/vendor/IUniswapV2Factory.sol =0.8.20
    src/vendor/IPool.sol =0.8.20
    lib/openzeppelin-contracts/contracts/token/ERC20/IERC20.sol >=0.4.16
    lib/openzeppelin-contracts/contracts/token/ERC20/ERC20.sol ^0.8.20
    lib/openzeppelin-contracts/contracts/token/ERC20/utils/SafeERC20.sol ^0.8.20
    lib/openzeppelin-contracts/contracts/interfaces/IERC4626.sol >=0.6.2
    lib/openzeppelin-contracts/contracts/utils/LowLevelCall.sol ^0.8.20
    lib/openzeppelin-contracts/contracts/utils/Memory.sol ^0.8.24
    lib/openzeppelin-contracts/contracts/utils/math/Math.sol ^0.8.20
    lib/openzeppelin-contracts/contracts/interfaces/IERC4626.sol >=0.6.2
    src/interfaces/IVaultData.sol =0.8.20
    lib/openzeppelin-contracts/contracts/token/ERC20/IERC20.sol >=0.4.16
    src/vendor/IPool.sol =0.8.20
    lib/openzeppelin-contracts/contracts/token/ERC20/IERC20.sol >=0.4.16
    lib/openzeppelin-contracts/contracts/token/ERC20/utils/SafeERC20.sol ^0.8.20
    src/vendor/IUniswapV2Router01.sol =0.8.20
    src/vendor/IUniswapV2Factory.sol =0.8.20
    src/abstract/AStaticUSDCData.sol =0.8.20
    lib/openzeppelin-contracts/contracts/token/ERC20/utils/SafeERC20.sol ^0.8.20
    lib/openzeppelin-contracts/contracts/utils/StorageSlot.sol ^0.8.20
    lib/openzeppelin-contracts/contracts/utils/Context.sol ^0.8.20
    lib/openzeppelin-contracts/contracts/token/ERC20/IERC20.sol >=0.4.16
    lib/openzeppelin-contracts/contracts/token/ERC20/extensions/IERC20Metadata.sol >=0.6.2
    lib/openzeppelin-contracts/contracts/utils/Context.sol ^0.8.20
    lib/openzeppelin-contracts/contracts/interfaces/draft-IERC6093.sol >=0.8.4
    lib/openzeppelin-contracts/contracts/token/ERC20/IERC20.sol >=0.4.16
    lib/openzeppelin-contracts/contracts/interfaces/IERC1363.sol >=0.6.2
    lib/openzeppelin-contracts/contracts/token/ERC20/IERC20.sol >=0.4.16
    src/abstract/AStaticUSDCData.sol =0.8.20
    lib/openzeppelin-contracts/contracts/token/ERC721/IERC721Receiver.sol >=0.5.0
    lib/openzeppelin-contracts/contracts/token/ERC1155/IERC1155Receiver.sol >=0.6.2
    lib/openzeppelin-contracts/contracts/utils/cryptography/EIP712.sol ^0.8.24
    lib/openzeppelin-contracts/contracts/utils/cryptography/SignatureChecker.sol ^0.8.24
    lib/openzeppelin-contracts/contracts/utils/introspection/ERC165.sol ^0.8.20
    lib/openzeppelin-contracts/contracts/utils/math/SafeCast.sol ^0.8.20
    lib/openzeppelin-contracts/contracts/utils/structs/DoubleEndedQueue.sol ^0.8.20
    lib/openzeppelin-contracts/contracts/utils/Address.sol ^0.8.20
    lib/openzeppelin-contracts/contracts/utils/Context.sol ^0.8.20
    lib/openzeppelin-contracts/contracts/utils/Nonces.sol ^0.8.20
    lib/openzeppelin-contracts/contracts/utils/Strings.sol ^0.8.24
    lib/openzeppelin-contracts/contracts/governance/IGovernor.sol >=0.8.4
    lib/openzeppelin-contracts/contracts/governance/Governor.sol ^0.8.24
    lib/openzeppelin-contracts/contracts/governance/Governor.sol ^0.8.24
    lib/openzeppelin-contracts/contracts/governance/utils/IVotes.sol >=0.8.4
    lib/openzeppelin-contracts/contracts/interfaces/IERC5805.sol >=0.8.4
    lib/openzeppelin-contracts/contracts/utils/types/Time.sol ^0.8.20
    lib/openzeppelin-contracts/contracts/governance/extensions/GovernorVotes.sol ^0.8.24
    lib/openzeppelin-contracts/contracts/utils/math/Math.sol ^0.8.20
    lib/openzeppelin-contracts/contracts/utils/math/SafeCast.sol ^0.8.20
    lib/openzeppelin-contracts/contracts/utils/structs/Checkpoints.sol ^0.8.20
    lib/openzeppelin-contracts/contracts/token/ERC20/extensions/IERC20Permit.sol >=0.4.16
    lib/openzeppelin-contracts/contracts/token/ERC20/ERC20.sol ^0.8.20
    lib/openzeppelin-contracts/contracts/utils/cryptography/ECDSA.sol ^0.8.20
    lib/openzeppelin-contracts/contracts/utils/cryptography/EIP712.sol ^0.8.24
    lib/openzeppelin-contracts/contracts/utils/Nonces.sol ^0.8.20
    lib/openzeppelin-contracts/contracts/token/ERC20/ERC20.sol ^0.8.20
    lib/openzeppelin-contracts/contracts/governance/utils/Votes.sol ^0.8.24
    lib/openzeppelin-contracts/contracts/utils/structs/Checkpoints.sol ^0.8.20
    lib/forge-std/src/console.sol >=0.8.13, <0.9.0
    lib/forge-std/src/Vm.sol >=0.8.13, <0.9.0
    lib/forge-std/src/Vm.sol >=0.8.13, <0.9.0
    lib/forge-std/src/StdStorage.sol >=0.8.13, <0.9.0
    lib/forge-std/src/console2.sol >=0.8.13, <0.9.0
    lib/forge-std/src/Vm.sol >=0.8.13, <0.9.0
    lib/forge-std/src/interfaces/IMulticall3.sol >=0.8.13, <0.9.0
    lib/forge-std/src/Vm.sol >=0.8.13, <0.9.0
    lib/forge-std/src/Vm.sol >=0.8.13, <0.9.0
    lib/forge-std/src/Vm.sol >=0.8.13, <0.9.0
    lib/forge-std/src/Vm.sol >=0.8.13, <0.9.0
    lib/forge-std/src/Vm.sol >=0.8.13, <0.9.0
    lib/forge-std/src/interfaces/IMulticall3.sol >=0.8.13, <0.9.0
    lib/forge-std/src/StdConstants.sol >=0.8.13, <0.9.0
    lib/forge-std/src/Vm.sol >=0.8.13, <0.9.0
    lib/forge-std/src/StdStorage.sol >=0.8.13, <0.9.0
    lib/forge-std/src/Vm.sol >=0.8.13, <0.9.0
    lib/forge-std/src/console.sol >=0.8.13, <0.9.0
    lib/forge-std/src/console2.sol >=0.8.13, <0.9.0
    lib/forge-std/src/safeconsole.sol >=0.8.13, <0.9.0
    lib/forge-std/src/StdChains.sol >=0.8.13, <0.9.0
    lib/forge-std/src/StdCheats.sol >=0.8.13, <0.9.0
    lib/forge-std/src/StdConstants.sol >=0.8.13, <0.9.0
    lib/forge-std/src/StdJson.sol >=0.8.13, <0.9.0
    lib/forge-std/src/StdMath.sol >=0.8.13, <0.9.0
    lib/forge-std/src/StdStorage.sol >=0.8.13, <0.9.0
    lib/forge-std/src/StdStyle.sol >=0.8.13, <0.9.0
    lib/forge-std/src/StdUtils.sol >=0.8.13, <0.9.0
    lib/forge-std/src/Vm.sol >=0.8.13, <0.9.0
    lib/forge-std/src/Base.sol >=0.8.13, <0.9.0
    src/vendor/DataTypes.sol =0.8.20
    lib/openzeppelin-contracts/contracts/token/ERC20/IERC20.sol >=0.4.16
    lib/openzeppelin-contracts/contracts/token/ERC20/extensions/IERC20Metadata.sol >=0.6.2
    lib/openzeppelin-contracts/contracts/utils/Panic.sol ^0.8.20
    lib/openzeppelin-contracts/contracts/utils/math/Math.sol ^0.8.20
    lib/openzeppelin-contracts/contracts/utils/Panic.sol ^0.8.20
    lib/openzeppelin-contracts/contracts/utils/math/SafeCast.sol ^0.8.20
    lib/openzeppelin-contracts/contracts/token/ERC20/IERC20.sol >=0.4.16
    src/abstract/AStaticWethData.sol =0.8.20
    lib/openzeppelin-contracts/contracts/token/ERC20/IERC20.sol >=0.4.16
    lib/openzeppelin-contracts/contracts/interfaces/IERC20.sol >=0.4.16
    lib/openzeppelin-contracts/contracts/interfaces/IERC165.sol >=0.4.16
    lib/openzeppelin-contracts/contracts/utils/introspection/IERC165.sol >=0.4.16
    lib/openzeppelin-contracts/contracts/utils/cryptography/MessageHashUtils.sol ^0.8.24
    lib/openzeppelin-contracts/contracts/utils/ShortStrings.sol ^0.8.20
    lib/openzeppelin-contracts/contracts/interfaces/IERC5267.sol >=0.4.16
    lib/openzeppelin-contracts/contracts/utils/cryptography/ECDSA.sol ^0.8.20
    lib/openzeppelin-contracts/contracts/interfaces/IERC1271.sol >=0.5.0
    lib/openzeppelin-contracts/contracts/interfaces/IERC7913.sol >=0.5.0
    lib/openzeppelin-contracts/contracts/utils/Bytes.sol ^0.8.24
    lib/openzeppelin-contracts/contracts/utils/introspection/IERC165.sol >=0.4.16
    lib/openzeppelin-contracts/contracts/utils/Panic.sol ^0.8.20
    lib/openzeppelin-contracts/contracts/utils/Errors.sol ^0.8.20
    lib/openzeppelin-contracts/contracts/utils/LowLevelCall.sol ^0.8.20
    lib/openzeppelin-contracts/contracts/utils/math/Math.sol ^0.8.20
    lib/openzeppelin-contracts/contracts/utils/math/SafeCast.sol ^0.8.20
    lib/openzeppelin-contracts/contracts/utils/math/SignedMath.sol ^0.8.20
    lib/openzeppelin-contracts/contracts/utils/Bytes.sol ^0.8.24
    lib/openzeppelin-contracts/contracts/interfaces/IERC165.sol >=0.4.16
    lib/openzeppelin-contracts/contracts/interfaces/IERC6372.sol >=0.4.16
    lib/openzeppelin-contracts/contracts/governance/utils/IVotes.sol >=0.8.4
    lib/openzeppelin-contracts/contracts/interfaces/IERC6372.sol >=0.4.16
    lib/openzeppelin-contracts/contracts/utils/math/Math.sol ^0.8.20
    lib/openzeppelin-contracts/contracts/utils/math/SafeCast.sol ^0.8.20
    lib/openzeppelin-contracts/contracts/utils/math/Math.sol ^0.8.20
    lib/openzeppelin-contracts/contracts/interfaces/IERC5805.sol >=0.8.4
    lib/openzeppelin-contracts/contracts/utils/Context.sol ^0.8.20
    lib/openzeppelin-contracts/contracts/utils/Nonces.sol ^0.8.20
    lib/openzeppelin-contracts/contracts/utils/cryptography/EIP712.sol ^0.8.24
    lib/openzeppelin-contracts/contracts/utils/structs/Checkpoints.sol ^0.8.20
    lib/openzeppelin-contracts/contracts/utils/math/SafeCast.sol ^0.8.20
    lib/openzeppelin-contracts/contracts/utils/cryptography/ECDSA.sol ^0.8.20
    lib/openzeppelin-contracts/contracts/utils/types/Time.sol ^0.8.20
    lib/openzeppelin-contracts/contracts/token/ERC20/IERC20.sol >=0.4.16
    lib/openzeppelin-contracts/contracts/token/ERC20/IERC20.sol >=0.4.16
    lib/openzeppelin-contracts/contracts/utils/introspection/IERC165.sol >=0.4.16
    lib/openzeppelin-contracts/contracts/utils/Strings.sol ^0.8.24
    lib/openzeppelin-contracts/contracts/utils/StorageSlot.sol ^0.8.20
    lib/openzeppelin-contracts/contracts/utils/math/Math.sol ^0.8.20
    lib/openzeppelin-contracts/contracts/utils/math/SafeCast.sol ^0.8.20
Found incompatible versions:
test/unit/concrete/VaultGuardiansDaoTest.t.sol =0.8.20 imports:
    test/Base.t.sol =0.8.20
    src/protocol/VaultShares.sol =0.8.20
    src/protocol/VaultGuardians.sol =0.8.20
    test/mocks/ERC20Mock.sol =0.8.20
    src/protocol/VaultGuardiansBase.sol =0.8.20
    lib/forge-std/src/Test.sol >=0.8.13, <0.9.0
    src/protocol/VaultGuardians.sol =0.8.20
    src/dao/VaultGuardianToken.sol =0.8.20
    src/dao/VaultGuardianGovernor.sol =0.8.20
    script/NetworkConfig.s.sol =0.8.20
    script/DeployVaultGuardians.s.sol =0.8.20
    test/mocks/ERC20Mock.sol =0.8.20
    src/interfaces/IVaultData.sol =0.8.20
    test/mocks/UniswapRouterMock.sol =0.8.20
    test/mocks/UniswapFactoryMock.sol =0.8.20
    test/mocks/AavePoolMock.sol =0.8.20
    lib/openzeppelin-contracts/contracts/token/ERC20/extensions/ERC4626.sol ^0.8.24
    src/interfaces/IVaultShares.sol =0.8.20
    src/protocol/investableUniverseAdapters/AaveAdapter.sol =0.8.20
    src/protocol/investableUniverseAdapters/UniswapAdapter.sol =0.8.20
    src/vendor/DataTypes.sol =0.8.20
    lib/openzeppelin-contracts/contracts/utils/ReentrancyGuard.sol ^0.8.20
    src/protocol/VaultGuardiansBase.sol =0.8.20
    lib/openzeppelin-contracts/contracts/access/Ownable.sol ^0.8.20
    lib/openzeppelin-contracts/contracts/token/ERC20/ERC20.sol ^0.8.20
    src/protocol/VaultShares.sol =0.8.20
    lib/openzeppelin-contracts/contracts/token/ERC20/utils/SafeERC20.sol ^0.8.20
    src/interfaces/IVaultShares.sol =0.8.20
    src/abstract/AStaticTokenData.sol =0.8.20
    src/dao/VaultGuardianToken.sol =0.8.20
    lib/forge-std/src/console.sol >=0.8.13, <0.9.0
    lib/forge-std/src/console2.sol >=0.8.13, <0.9.0
    lib/forge-std/src/safeconsole.sol >=0.8.13, <0.9.0
    lib/forge-std/src/StdAssertions.sol >=0.8.13, <0.9.0
    lib/forge-std/src/StdChains.sol >=0.8.13, <0.9.0
    lib/forge-std/src/StdCheats.sol >=0.8.13, <0.9.0
    lib/forge-std/src/StdConstants.sol >=0.8.13, <0.9.0
    lib/forge-std/src/StdError.sol >=0.8.13, <0.9.0
    lib/forge-std/src/StdInvariant.sol >=0.8.13, <0.9.0
    lib/forge-std/src/StdJson.sol >=0.8.13, <0.9.0
    lib/forge-std/src/StdMath.sol >=0.8.13, <0.9.0
    lib/forge-std/src/StdStorage.sol >=0.8.13, <0.9.0
    lib/forge-std/src/StdStyle.sol >=0.8.13, <0.9.0
    lib/forge-std/src/StdToml.sol >=0.8.13, <0.9.0
    lib/forge-std/src/StdUtils.sol >=0.8.13, <0.9.0
    lib/forge-std/src/Vm.sol >=0.8.13, <0.9.0
    lib/forge-std/src/Base.sol >=0.8.13, <0.9.0
    lib/openzeppelin-contracts/contracts/token/ERC20/ERC20.sol ^0.8.20
    lib/openzeppelin-contracts/contracts/token/ERC20/extensions/ERC20Permit.sol ^0.8.24
    lib/openzeppelin-contracts/contracts/token/ERC20/extensions/ERC20Votes.sol ^0.8.24
    lib/openzeppelin-contracts/contracts/access/Ownable.sol ^0.8.20
    lib/openzeppelin-contracts/contracts/governance/Governor.sol ^0.8.24
    lib/openzeppelin-contracts/contracts/governance/extensions/GovernorCountingSimple.sol ^0.8.24
    lib/openzeppelin-contracts/contracts/governance/extensions/GovernorVotes.sol ^0.8.24
    lib/openzeppelin-contracts/contracts/governance/extensions/GovernorVotesQuorumFraction.sol ^0.8.24
    lib/forge-std/src/Script.sol >=0.8.13, <0.9.0
    test/mocks/ERC20Mock.sol =0.8.20
    test/mocks/AavePoolMock.sol =0.8.20
    test/mocks/UniswapFactoryMock.sol =0.8.20
    test/mocks/UniswapRouterMock.sol =0.8.20
    lib/forge-std/src/Script.sol >=0.8.13, <0.9.0
    script/NetworkConfig.s.sol =0.8.20
    src/protocol/VaultGuardians.sol =0.8.20
    src/dao/VaultGuardianGovernor.sol =0.8.20
    src/dao/VaultGuardianToken.sol =0.8.20
    test/mocks/ERC20Mock.sol =0.8.20
    src/vendor/IUniswapV2Router01.sol =0.8.20
    lib/openzeppelin-contracts/contracts/token/ERC20/IERC20.sol >=0.4.16
    src/vendor/IUniswapV2Factory.sol =0.8.20
    src/vendor/IPool.sol =0.8.20
    lib/openzeppelin-contracts/contracts/token/ERC20/IERC20.sol >=0.4.16
    lib/openzeppelin-contracts/contracts/token/ERC20/ERC20.sol ^0.8.20
    lib/openzeppelin-contracts/contracts/token/ERC20/utils/SafeERC20.sol ^0.8.20
    lib/openzeppelin-contracts/contracts/interfaces/IERC4626.sol >=0.6.2
    lib/openzeppelin-contracts/contracts/utils/LowLevelCall.sol ^0.8.20
    lib/openzeppelin-contracts/contracts/utils/Memory.sol ^0.8.24
    lib/openzeppelin-contracts/contracts/utils/math/Math.sol ^0.8.20
    lib/openzeppelin-contracts/contracts/interfaces/IERC4626.sol >=0.6.2
    src/interfaces/IVaultData.sol =0.8.20
    lib/openzeppelin-contracts/contracts/token/ERC20/IERC20.sol >=0.4.16
    src/vendor/IPool.sol =0.8.20
    lib/openzeppelin-contracts/contracts/token/ERC20/IERC20.sol >=0.4.16
    lib/openzeppelin-contracts/contracts/token/ERC20/utils/SafeERC20.sol ^0.8.20
    src/vendor/IUniswapV2Router01.sol =0.8.20
    src/vendor/IUniswapV2Factory.sol =0.8.20
    src/abstract/AStaticUSDCData.sol =0.8.20
    lib/openzeppelin-contracts/contracts/token/ERC20/utils/SafeERC20.sol ^0.8.20
    lib/openzeppelin-contracts/contracts/utils/StorageSlot.sol ^0.8.20
    lib/openzeppelin-contracts/contracts/utils/Context.sol ^0.8.20
    lib/openzeppelin-contracts/contracts/token/ERC20/IERC20.sol >=0.4.16
    lib/openzeppelin-contracts/contracts/token/ERC20/extensions/IERC20Metadata.sol >=0.6.2
    lib/openzeppelin-contracts/contracts/utils/Context.sol ^0.8.20
    lib/openzeppelin-contracts/contracts/interfaces/draft-IERC6093.sol >=0.8.4
    lib/openzeppelin-contracts/contracts/token/ERC20/IERC20.sol >=0.4.16
    lib/openzeppelin-contracts/contracts/interfaces/IERC1363.sol >=0.6.2
    lib/openzeppelin-contracts/contracts/token/ERC20/IERC20.sol >=0.4.16
    src/abstract/AStaticUSDCData.sol =0.8.20
    lib/forge-std/src/console.sol >=0.8.13, <0.9.0
    lib/forge-std/src/Vm.sol >=0.8.13, <0.9.0
    lib/forge-std/src/Vm.sol >=0.8.13, <0.9.0
    lib/forge-std/src/StdStorage.sol >=0.8.13, <0.9.0
    lib/forge-std/src/console2.sol >=0.8.13, <0.9.0
    lib/forge-std/src/Vm.sol >=0.8.13, <0.9.0
    lib/forge-std/src/interfaces/IMulticall3.sol >=0.8.13, <0.9.0
    lib/forge-std/src/Vm.sol >=0.8.13, <0.9.0
    lib/forge-std/src/Vm.sol >=0.8.13, <0.9.0
    lib/forge-std/src/Vm.sol >=0.8.13, <0.9.0
    lib/forge-std/src/Vm.sol >=0.8.13, <0.9.0
    lib/forge-std/src/Vm.sol >=0.8.13, <0.9.0
    lib/forge-std/src/interfaces/IMulticall3.sol >=0.8.13, <0.9.0
    lib/forge-std/src/StdConstants.sol >=0.8.13, <0.9.0
    lib/forge-std/src/Vm.sol >=0.8.13, <0.9.0
    lib/forge-std/src/StdStorage.sol >=0.8.13, <0.9.0
    lib/forge-std/src/Vm.sol >=0.8.13, <0.9.0
    lib/openzeppelin-contracts/contracts/token/ERC20/extensions/IERC20Permit.sol >=0.4.16
    lib/openzeppelin-contracts/contracts/token/ERC20/ERC20.sol ^0.8.20
    lib/openzeppelin-contracts/contracts/utils/cryptography/ECDSA.sol ^0.8.20
    lib/openzeppelin-contracts/contracts/utils/cryptography/EIP712.sol ^0.8.24
    lib/openzeppelin-contracts/contracts/utils/Nonces.sol ^0.8.20
    lib/openzeppelin-contracts/contracts/token/ERC20/ERC20.sol ^0.8.20
    lib/openzeppelin-contracts/contracts/governance/utils/Votes.sol ^0.8.24
    lib/openzeppelin-contracts/contracts/utils/structs/Checkpoints.sol ^0.8.20
    lib/openzeppelin-contracts/contracts/token/ERC721/IERC721Receiver.sol >=0.5.0
    lib/openzeppelin-contracts/contracts/token/ERC1155/IERC1155Receiver.sol >=0.6.2
    lib/openzeppelin-contracts/contracts/utils/cryptography/EIP712.sol ^0.8.24
    lib/openzeppelin-contracts/contracts/utils/cryptography/SignatureChecker.sol ^0.8.24
    lib/openzeppelin-contracts/contracts/utils/introspection/ERC165.sol ^0.8.20
    lib/openzeppelin-contracts/contracts/utils/math/SafeCast.sol ^0.8.20
    lib/openzeppelin-contracts/contracts/utils/structs/DoubleEndedQueue.sol ^0.8.20
    lib/openzeppelin-contracts/contracts/utils/Address.sol ^0.8.20
    lib/openzeppelin-contracts/contracts/utils/Context.sol ^0.8.20
    lib/openzeppelin-contracts/contracts/utils/Nonces.sol ^0.8.20
    lib/openzeppelin-contracts/contracts/utils/Strings.sol ^0.8.24
    lib/openzeppelin-contracts/contracts/governance/IGovernor.sol >=0.8.4
    lib/openzeppelin-contracts/contracts/governance/Governor.sol ^0.8.24
    lib/openzeppelin-contracts/contracts/governance/Governor.sol ^0.8.24
    lib/openzeppelin-contracts/contracts/governance/utils/IVotes.sol >=0.8.4
    lib/openzeppelin-contracts/contracts/interfaces/IERC5805.sol >=0.8.4
    lib/openzeppelin-contracts/contracts/utils/types/Time.sol ^0.8.20
    lib/openzeppelin-contracts/contracts/governance/extensions/GovernorVotes.sol ^0.8.24
    lib/openzeppelin-contracts/contracts/utils/math/Math.sol ^0.8.20
    lib/openzeppelin-contracts/contracts/utils/math/SafeCast.sol ^0.8.20
    lib/openzeppelin-contracts/contracts/utils/structs/Checkpoints.sol ^0.8.20
    lib/forge-std/src/console.sol >=0.8.13, <0.9.0
    lib/forge-std/src/console2.sol >=0.8.13, <0.9.0
    lib/forge-std/src/safeconsole.sol >=0.8.13, <0.9.0
    lib/forge-std/src/StdChains.sol >=0.8.13, <0.9.0
    lib/forge-std/src/StdCheats.sol >=0.8.13, <0.9.0
    lib/forge-std/src/StdConstants.sol >=0.8.13, <0.9.0
    lib/forge-std/src/StdJson.sol >=0.8.13, <0.9.0
    lib/forge-std/src/StdMath.sol >=0.8.13, <0.9.0
    lib/forge-std/src/StdStorage.sol >=0.8.13, <0.9.0
    lib/forge-std/src/StdStyle.sol >=0.8.13, <0.9.0
    lib/forge-std/src/StdUtils.sol >=0.8.13, <0.9.0
    lib/forge-std/src/Vm.sol >=0.8.13, <0.9.0
    lib/forge-std/src/Base.sol >=0.8.13, <0.9.0
    src/vendor/DataTypes.sol =0.8.20
    lib/openzeppelin-contracts/contracts/token/ERC20/IERC20.sol >=0.4.16
    lib/openzeppelin-contracts/contracts/token/ERC20/extensions/IERC20Metadata.sol >=0.6.2
    lib/openzeppelin-contracts/contracts/utils/Panic.sol ^0.8.20
    lib/openzeppelin-contracts/contracts/utils/math/Math.sol ^0.8.20
    lib/openzeppelin-contracts/contracts/utils/Panic.sol ^0.8.20
    lib/openzeppelin-contracts/contracts/utils/math/SafeCast.sol ^0.8.20
    lib/openzeppelin-contracts/contracts/token/ERC20/IERC20.sol >=0.4.16
    src/abstract/AStaticWethData.sol =0.8.20
    lib/openzeppelin-contracts/contracts/token/ERC20/IERC20.sol >=0.4.16
    lib/openzeppelin-contracts/contracts/interfaces/IERC20.sol >=0.4.16
    lib/openzeppelin-contracts/contracts/interfaces/IERC165.sol >=0.4.16
    lib/openzeppelin-contracts/contracts/utils/cryptography/MessageHashUtils.sol ^0.8.24
    lib/openzeppelin-contracts/contracts/utils/ShortStrings.sol ^0.8.20
    lib/openzeppelin-contracts/contracts/interfaces/IERC5267.sol >=0.4.16
    lib/openzeppelin-contracts/contracts/interfaces/IERC5805.sol >=0.8.4
    lib/openzeppelin-contracts/contracts/utils/Context.sol ^0.8.20
    lib/openzeppelin-contracts/contracts/utils/Nonces.sol ^0.8.20
    lib/openzeppelin-contracts/contracts/utils/cryptography/EIP712.sol ^0.8.24
    lib/openzeppelin-contracts/contracts/utils/structs/Checkpoints.sol ^0.8.20
    lib/openzeppelin-contracts/contracts/utils/math/SafeCast.sol ^0.8.20
    lib/openzeppelin-contracts/contracts/utils/cryptography/ECDSA.sol ^0.8.20
    lib/openzeppelin-contracts/contracts/utils/types/Time.sol ^0.8.20
    lib/openzeppelin-contracts/contracts/utils/math/Math.sol ^0.8.20
    lib/openzeppelin-contracts/contracts/utils/introspection/IERC165.sol >=0.4.16
    lib/openzeppelin-contracts/contracts/utils/cryptography/ECDSA.sol ^0.8.20
    lib/openzeppelin-contracts/contracts/interfaces/IERC1271.sol >=0.5.0
    lib/openzeppelin-contracts/contracts/interfaces/IERC7913.sol >=0.5.0
    lib/openzeppelin-contracts/contracts/utils/Bytes.sol ^0.8.24
    lib/openzeppelin-contracts/contracts/utils/introspection/IERC165.sol >=0.4.16
    lib/openzeppelin-contracts/contracts/utils/Panic.sol ^0.8.20
    lib/openzeppelin-contracts/contracts/utils/Errors.sol ^0.8.20
    lib/openzeppelin-contracts/contracts/utils/LowLevelCall.sol ^0.8.20
    lib/openzeppelin-contracts/contracts/utils/math/Math.sol ^0.8.20
    lib/openzeppelin-contracts/contracts/utils/math/SafeCast.sol ^0.8.20
    lib/openzeppelin-contracts/contracts/utils/math/SignedMath.sol ^0.8.20
    lib/openzeppelin-contracts/contracts/utils/Bytes.sol ^0.8.24
    lib/openzeppelin-contracts/contracts/interfaces/IERC165.sol >=0.4.16
    lib/openzeppelin-contracts/contracts/interfaces/IERC6372.sol >=0.4.16
    lib/openzeppelin-contracts/contracts/governance/utils/IVotes.sol >=0.8.4
    lib/openzeppelin-contracts/contracts/interfaces/IERC6372.sol >=0.4.16
    lib/openzeppelin-contracts/contracts/utils/math/Math.sol ^0.8.20
    lib/openzeppelin-contracts/contracts/utils/math/SafeCast.sol ^0.8.20
    lib/openzeppelin-contracts/contracts/token/ERC20/IERC20.sol >=0.4.16
    lib/openzeppelin-contracts/contracts/token/ERC20/IERC20.sol >=0.4.16
    lib/openzeppelin-contracts/contracts/utils/introspection/IERC165.sol >=0.4.16
    lib/openzeppelin-contracts/contracts/utils/Strings.sol ^0.8.24
    lib/openzeppelin-contracts/contracts/utils/StorageSlot.sol ^0.8.20
    lib/openzeppelin-contracts/contracts/utils/math/Math.sol ^0.8.20
    lib/openzeppelin-contracts/contracts/utils/math/SafeCast.sol ^0.8.20
Found incompatible versions:
test/unit/concrete/VaultGuardiansTest.t.sol =0.8.20 imports:
    test/Base.t.sol =0.8.20
    src/protocol/VaultShares.sol =0.8.20
    test/mocks/ERC20Mock.sol =0.8.20
    src/protocol/VaultGuardians.sol =0.8.20
    lib/forge-std/src/Test.sol >=0.8.13, <0.9.0
    src/protocol/VaultGuardians.sol =0.8.20
    src/dao/VaultGuardianToken.sol =0.8.20
    src/dao/VaultGuardianGovernor.sol =0.8.20
    script/NetworkConfig.s.sol =0.8.20
    script/DeployVaultGuardians.s.sol =0.8.20
    test/mocks/ERC20Mock.sol =0.8.20
    src/interfaces/IVaultData.sol =0.8.20
    test/mocks/UniswapRouterMock.sol =0.8.20
    test/mocks/UniswapFactoryMock.sol =0.8.20
    test/mocks/AavePoolMock.sol =0.8.20
    lib/openzeppelin-contracts/contracts/token/ERC20/extensions/ERC4626.sol ^0.8.24
    src/interfaces/IVaultShares.sol =0.8.20
    src/protocol/investableUniverseAdapters/AaveAdapter.sol =0.8.20
    src/protocol/investableUniverseAdapters/UniswapAdapter.sol =0.8.20
    src/vendor/DataTypes.sol =0.8.20
    lib/openzeppelin-contracts/contracts/utils/ReentrancyGuard.sol ^0.8.20
    lib/openzeppelin-contracts/contracts/token/ERC20/ERC20.sol ^0.8.20
    src/protocol/VaultGuardiansBase.sol =0.8.20
    lib/openzeppelin-contracts/contracts/access/Ownable.sol ^0.8.20
    lib/forge-std/src/console.sol >=0.8.13, <0.9.0
    lib/forge-std/src/console2.sol >=0.8.13, <0.9.0
    lib/forge-std/src/safeconsole.sol >=0.8.13, <0.9.0
    lib/forge-std/src/StdAssertions.sol >=0.8.13, <0.9.0
    lib/forge-std/src/StdChains.sol >=0.8.13, <0.9.0
    lib/forge-std/src/StdCheats.sol >=0.8.13, <0.9.0
    lib/forge-std/src/StdConstants.sol >=0.8.13, <0.9.0
    lib/forge-std/src/StdError.sol >=0.8.13, <0.9.0
    lib/forge-std/src/StdInvariant.sol >=0.8.13, <0.9.0
    lib/forge-std/src/StdJson.sol >=0.8.13, <0.9.0
    lib/forge-std/src/StdMath.sol >=0.8.13, <0.9.0
    lib/forge-std/src/StdStorage.sol >=0.8.13, <0.9.0
    lib/forge-std/src/StdStyle.sol >=0.8.13, <0.9.0
    lib/forge-std/src/StdToml.sol >=0.8.13, <0.9.0
    lib/forge-std/src/StdUtils.sol >=0.8.13, <0.9.0
    lib/forge-std/src/Vm.sol >=0.8.13, <0.9.0
    lib/forge-std/src/Base.sol >=0.8.13, <0.9.0
    lib/openzeppelin-contracts/contracts/token/ERC20/ERC20.sol ^0.8.20
    lib/openzeppelin-contracts/contracts/token/ERC20/extensions/ERC20Permit.sol ^0.8.24
    lib/openzeppelin-contracts/contracts/token/ERC20/extensions/ERC20Votes.sol ^0.8.24
    lib/openzeppelin-contracts/contracts/access/Ownable.sol ^0.8.20
    lib/openzeppelin-contracts/contracts/governance/Governor.sol ^0.8.24
    lib/openzeppelin-contracts/contracts/governance/extensions/GovernorCountingSimple.sol ^0.8.24
    lib/openzeppelin-contracts/contracts/governance/extensions/GovernorVotes.sol ^0.8.24
    lib/openzeppelin-contracts/contracts/governance/extensions/GovernorVotesQuorumFraction.sol ^0.8.24
    lib/forge-std/src/Script.sol >=0.8.13, <0.9.0
    test/mocks/ERC20Mock.sol =0.8.20
    test/mocks/AavePoolMock.sol =0.8.20
    test/mocks/UniswapFactoryMock.sol =0.8.20
    test/mocks/UniswapRouterMock.sol =0.8.20
    lib/forge-std/src/Script.sol >=0.8.13, <0.9.0
    script/NetworkConfig.s.sol =0.8.20
    src/protocol/VaultGuardians.sol =0.8.20
    src/dao/VaultGuardianGovernor.sol =0.8.20
    src/dao/VaultGuardianToken.sol =0.8.20
    test/mocks/ERC20Mock.sol =0.8.20
    src/vendor/IUniswapV2Router01.sol =0.8.20
    lib/openzeppelin-contracts/contracts/token/ERC20/IERC20.sol >=0.4.16
    src/vendor/IUniswapV2Factory.sol =0.8.20
    src/vendor/IPool.sol =0.8.20
    lib/openzeppelin-contracts/contracts/token/ERC20/IERC20.sol >=0.4.16
    lib/openzeppelin-contracts/contracts/token/ERC20/ERC20.sol ^0.8.20
    lib/openzeppelin-contracts/contracts/token/ERC20/utils/SafeERC20.sol ^0.8.20
    lib/openzeppelin-contracts/contracts/interfaces/IERC4626.sol >=0.6.2
    lib/openzeppelin-contracts/contracts/utils/LowLevelCall.sol ^0.8.20
    lib/openzeppelin-contracts/contracts/utils/Memory.sol ^0.8.24
    lib/openzeppelin-contracts/contracts/utils/math/Math.sol ^0.8.20
    lib/openzeppelin-contracts/contracts/interfaces/IERC4626.sol >=0.6.2
    src/interfaces/IVaultData.sol =0.8.20
    lib/openzeppelin-contracts/contracts/token/ERC20/IERC20.sol >=0.4.16
    src/vendor/IPool.sol =0.8.20
    lib/openzeppelin-contracts/contracts/token/ERC20/IERC20.sol >=0.4.16
    lib/openzeppelin-contracts/contracts/token/ERC20/utils/SafeERC20.sol ^0.8.20
    src/vendor/IUniswapV2Router01.sol =0.8.20
    src/vendor/IUniswapV2Factory.sol =0.8.20
    src/abstract/AStaticUSDCData.sol =0.8.20
    lib/openzeppelin-contracts/contracts/token/ERC20/utils/SafeERC20.sol ^0.8.20
    lib/openzeppelin-contracts/contracts/utils/StorageSlot.sol ^0.8.20
    lib/openzeppelin-contracts/contracts/token/ERC20/IERC20.sol >=0.4.16
    lib/openzeppelin-contracts/contracts/token/ERC20/extensions/IERC20Metadata.sol >=0.6.2
    lib/openzeppelin-contracts/contracts/utils/Context.sol ^0.8.20
    lib/openzeppelin-contracts/contracts/interfaces/draft-IERC6093.sol >=0.8.4
    src/protocol/VaultShares.sol =0.8.20
    lib/openzeppelin-contracts/contracts/token/ERC20/utils/SafeERC20.sol ^0.8.20
    src/interfaces/IVaultShares.sol =0.8.20
    src/abstract/AStaticTokenData.sol =0.8.20
    src/dao/VaultGuardianToken.sol =0.8.20
    lib/openzeppelin-contracts/contracts/utils/Context.sol ^0.8.20
    lib/forge-std/src/console.sol >=0.8.13, <0.9.0
    lib/forge-std/src/Vm.sol >=0.8.13, <0.9.0
    lib/forge-std/src/Vm.sol >=0.8.13, <0.9.0
    lib/forge-std/src/StdStorage.sol >=0.8.13, <0.9.0
    lib/forge-std/src/console2.sol >=0.8.13, <0.9.0
    lib/forge-std/src/Vm.sol >=0.8.13, <0.9.0
    lib/forge-std/src/interfaces/IMulticall3.sol >=0.8.13, <0.9.0
    lib/forge-std/src/Vm.sol >=0.8.13, <0.9.0
    lib/forge-std/src/Vm.sol >=0.8.13, <0.9.0
    lib/forge-std/src/Vm.sol >=0.8.13, <0.9.0
    lib/forge-std/src/Vm.sol >=0.8.13, <0.9.0
    lib/forge-std/src/Vm.sol >=0.8.13, <0.9.0
    lib/forge-std/src/interfaces/IMulticall3.sol >=0.8.13, <0.9.0
    lib/forge-std/src/StdConstants.sol >=0.8.13, <0.9.0
    lib/forge-std/src/Vm.sol >=0.8.13, <0.9.0
    lib/forge-std/src/StdStorage.sol >=0.8.13, <0.9.0
    lib/forge-std/src/Vm.sol >=0.8.13, <0.9.0
    lib/openzeppelin-contracts/contracts/token/ERC20/extensions/IERC20Permit.sol >=0.4.16
    lib/openzeppelin-contracts/contracts/token/ERC20/ERC20.sol ^0.8.20
    lib/openzeppelin-contracts/contracts/utils/cryptography/ECDSA.sol ^0.8.20
    lib/openzeppelin-contracts/contracts/utils/cryptography/EIP712.sol ^0.8.24
    lib/openzeppelin-contracts/contracts/utils/Nonces.sol ^0.8.20
    lib/openzeppelin-contracts/contracts/token/ERC20/ERC20.sol ^0.8.20
    lib/openzeppelin-contracts/contracts/governance/utils/Votes.sol ^0.8.24
    lib/openzeppelin-contracts/contracts/utils/structs/Checkpoints.sol ^0.8.20
    lib/openzeppelin-contracts/contracts/token/ERC721/IERC721Receiver.sol >=0.5.0
    lib/openzeppelin-contracts/contracts/token/ERC1155/IERC1155Receiver.sol >=0.6.2
    lib/openzeppelin-contracts/contracts/utils/cryptography/EIP712.sol ^0.8.24
    lib/openzeppelin-contracts/contracts/utils/cryptography/SignatureChecker.sol ^0.8.24
    lib/openzeppelin-contracts/contracts/utils/introspection/ERC165.sol ^0.8.20
    lib/openzeppelin-contracts/contracts/utils/math/SafeCast.sol ^0.8.20
    lib/openzeppelin-contracts/contracts/utils/structs/DoubleEndedQueue.sol ^0.8.20
    lib/openzeppelin-contracts/contracts/utils/Address.sol ^0.8.20
    lib/openzeppelin-contracts/contracts/utils/Context.sol ^0.8.20
    lib/openzeppelin-contracts/contracts/utils/Nonces.sol ^0.8.20
    lib/openzeppelin-contracts/contracts/utils/Strings.sol ^0.8.24
    lib/openzeppelin-contracts/contracts/governance/IGovernor.sol >=0.8.4
    lib/openzeppelin-contracts/contracts/governance/Governor.sol ^0.8.24
    lib/openzeppelin-contracts/contracts/governance/Governor.sol ^0.8.24
    lib/openzeppelin-contracts/contracts/governance/utils/IVotes.sol >=0.8.4
    lib/openzeppelin-contracts/contracts/interfaces/IERC5805.sol >=0.8.4
    lib/openzeppelin-contracts/contracts/utils/types/Time.sol ^0.8.20
    lib/openzeppelin-contracts/contracts/governance/extensions/GovernorVotes.sol ^0.8.24
    lib/openzeppelin-contracts/contracts/utils/math/Math.sol ^0.8.20
    lib/openzeppelin-contracts/contracts/utils/math/SafeCast.sol ^0.8.20
    lib/openzeppelin-contracts/contracts/utils/structs/Checkpoints.sol ^0.8.20
    lib/forge-std/src/console.sol >=0.8.13, <0.9.0
    lib/forge-std/src/console2.sol >=0.8.13, <0.9.0
    lib/forge-std/src/safeconsole.sol >=0.8.13, <0.9.0
    lib/forge-std/src/StdChains.sol >=0.8.13, <0.9.0
    lib/forge-std/src/StdCheats.sol >=0.8.13, <0.9.0
    lib/forge-std/src/StdConstants.sol >=0.8.13, <0.9.0
    lib/forge-std/src/StdJson.sol >=0.8.13, <0.9.0
    lib/forge-std/src/StdMath.sol >=0.8.13, <0.9.0
    lib/forge-std/src/StdStorage.sol >=0.8.13, <0.9.0
    lib/forge-std/src/StdStyle.sol >=0.8.13, <0.9.0
    lib/forge-std/src/StdUtils.sol >=0.8.13, <0.9.0
    lib/forge-std/src/Vm.sol >=0.8.13, <0.9.0
    lib/forge-std/src/Base.sol >=0.8.13, <0.9.0
    src/vendor/DataTypes.sol =0.8.20
    lib/openzeppelin-contracts/contracts/token/ERC20/IERC20.sol >=0.4.16
    lib/openzeppelin-contracts/contracts/interfaces/IERC1363.sol >=0.6.2
    lib/openzeppelin-contracts/contracts/token/ERC20/IERC20.sol >=0.4.16
    lib/openzeppelin-contracts/contracts/token/ERC20/extensions/IERC20Metadata.sol >=0.6.2
    lib/openzeppelin-contracts/contracts/utils/Panic.sol ^0.8.20
    lib/openzeppelin-contracts/contracts/utils/math/Math.sol ^0.8.20
    lib/openzeppelin-contracts/contracts/utils/Panic.sol ^0.8.20
    lib/openzeppelin-contracts/contracts/utils/math/SafeCast.sol ^0.8.20
    lib/openzeppelin-contracts/contracts/token/ERC20/IERC20.sol >=0.4.16
    src/abstract/AStaticWethData.sol =0.8.20
    lib/openzeppelin-contracts/contracts/token/ERC20/IERC20.sol >=0.4.16
    lib/openzeppelin-contracts/contracts/token/ERC20/IERC20.sol >=0.4.16
    src/abstract/AStaticUSDCData.sol =0.8.20
    lib/openzeppelin-contracts/contracts/utils/cryptography/MessageHashUtils.sol ^0.8.24
    lib/openzeppelin-contracts/contracts/utils/ShortStrings.sol ^0.8.20
    lib/openzeppelin-contracts/contracts/interfaces/IERC5267.sol >=0.4.16
    lib/openzeppelin-contracts/contracts/interfaces/IERC5805.sol >=0.8.4
    lib/openzeppelin-contracts/contracts/utils/Context.sol ^0.8.20
    lib/openzeppelin-contracts/contracts/utils/Nonces.sol ^0.8.20
    lib/openzeppelin-contracts/contracts/utils/cryptography/EIP712.sol ^0.8.24
    lib/openzeppelin-contracts/contracts/utils/structs/Checkpoints.sol ^0.8.20
    lib/openzeppelin-contracts/contracts/utils/math/SafeCast.sol ^0.8.20
    lib/openzeppelin-contracts/contracts/utils/cryptography/ECDSA.sol ^0.8.20
    lib/openzeppelin-contracts/contracts/utils/types/Time.sol ^0.8.20
    lib/openzeppelin-contracts/contracts/utils/math/Math.sol ^0.8.20
    lib/openzeppelin-contracts/contracts/utils/introspection/IERC165.sol >=0.4.16
    lib/openzeppelin-contracts/contracts/utils/cryptography/ECDSA.sol ^0.8.20
    lib/openzeppelin-contracts/contracts/interfaces/IERC1271.sol >=0.5.0
    lib/openzeppelin-contracts/contracts/interfaces/IERC7913.sol >=0.5.0
    lib/openzeppelin-contracts/contracts/utils/Bytes.sol ^0.8.24
    lib/openzeppelin-contracts/contracts/utils/introspection/IERC165.sol >=0.4.16
    lib/openzeppelin-contracts/contracts/utils/Panic.sol ^0.8.20
    lib/openzeppelin-contracts/contracts/utils/Errors.sol ^0.8.20
    lib/openzeppelin-contracts/contracts/utils/LowLevelCall.sol ^0.8.20
    lib/openzeppelin-contracts/contracts/utils/math/Math.sol ^0.8.20
    lib/openzeppelin-contracts/contracts/utils/math/SafeCast.sol ^0.8.20
    lib/openzeppelin-contracts/contracts/utils/math/SignedMath.sol ^0.8.20
    lib/openzeppelin-contracts/contracts/utils/Bytes.sol ^0.8.24
    lib/openzeppelin-contracts/contracts/interfaces/IERC165.sol >=0.4.16
    lib/openzeppelin-contracts/contracts/interfaces/IERC6372.sol >=0.4.16
    lib/openzeppelin-contracts/contracts/governance/utils/IVotes.sol >=0.8.4
    lib/openzeppelin-contracts/contracts/interfaces/IERC6372.sol >=0.4.16
    lib/openzeppelin-contracts/contracts/utils/math/Math.sol ^0.8.20
    lib/openzeppelin-contracts/contracts/utils/math/SafeCast.sol ^0.8.20
    lib/openzeppelin-contracts/contracts/interfaces/IERC20.sol >=0.4.16
    lib/openzeppelin-contracts/contracts/interfaces/IERC165.sol >=0.4.16
    lib/openzeppelin-contracts/contracts/token/ERC20/IERC20.sol >=0.4.16
    lib/openzeppelin-contracts/contracts/utils/Strings.sol ^0.8.24
    lib/openzeppelin-contracts/contracts/utils/StorageSlot.sol ^0.8.20
    lib/openzeppelin-contracts/contracts/utils/math/Math.sol ^0.8.20
    lib/openzeppelin-contracts/contracts/utils/math/SafeCast.sol ^0.8.20
    lib/openzeppelin-contracts/contracts/utils/introspection/IERC165.sol >=0.4.16
    lib/openzeppelin-contracts/contracts/token/ERC20/IERC20.sol >=0.4.16
Found incompatible versions:
test/unit/concrete/VaultSharesTest.t.sol =0.8.24 imports:
    test/Base.t.sol =0.8.20
    lib/forge-std/src/console.sol >=0.8.13, <0.9.0
    src/protocol/VaultShares.sol =0.8.20
    test/mocks/ERC20Mock.sol =0.8.20
    src/protocol/VaultShares.sol =0.8.20
    lib/forge-std/src/console.sol >=0.8.13, <0.9.0
    lib/forge-std/src/Test.sol >=0.8.13, <0.9.0
    src/protocol/VaultGuardians.sol =0.8.20
    src/dao/VaultGuardianToken.sol =0.8.20
    src/dao/VaultGuardianGovernor.sol =0.8.20
    script/NetworkConfig.s.sol =0.8.20
    script/DeployVaultGuardians.s.sol =0.8.20
    test/mocks/ERC20Mock.sol =0.8.20
    src/interfaces/IVaultData.sol =0.8.20
    test/mocks/UniswapRouterMock.sol =0.8.20
    test/mocks/UniswapFactoryMock.sol =0.8.20
    test/mocks/AavePoolMock.sol =0.8.20
    lib/openzeppelin-contracts/contracts/token/ERC20/extensions/ERC4626.sol ^0.8.24
    src/interfaces/IVaultShares.sol =0.8.20
    src/protocol/investableUniverseAdapters/AaveAdapter.sol =0.8.20
    src/protocol/investableUniverseAdapters/UniswapAdapter.sol =0.8.20
    src/vendor/DataTypes.sol =0.8.20
    lib/openzeppelin-contracts/contracts/utils/ReentrancyGuard.sol ^0.8.20
    lib/openzeppelin-contracts/contracts/token/ERC20/ERC20.sol ^0.8.20
    lib/forge-std/src/console.sol >=0.8.13, <0.9.0
    lib/forge-std/src/console2.sol >=0.8.13, <0.9.0
    lib/forge-std/src/safeconsole.sol >=0.8.13, <0.9.0
    lib/forge-std/src/StdAssertions.sol >=0.8.13, <0.9.0
    lib/forge-std/src/StdChains.sol >=0.8.13, <0.9.0
    lib/forge-std/src/StdCheats.sol >=0.8.13, <0.9.0
    lib/forge-std/src/StdConstants.sol >=0.8.13, <0.9.0
    lib/forge-std/src/StdError.sol >=0.8.13, <0.9.0
    lib/forge-std/src/StdInvariant.sol >=0.8.13, <0.9.0
    lib/forge-std/src/StdJson.sol >=0.8.13, <0.9.0
    lib/forge-std/src/StdMath.sol >=0.8.13, <0.9.0
    lib/forge-std/src/StdStorage.sol >=0.8.13, <0.9.0
    lib/forge-std/src/StdStyle.sol >=0.8.13, <0.9.0
    lib/forge-std/src/StdToml.sol >=0.8.13, <0.9.0
    lib/forge-std/src/StdUtils.sol >=0.8.13, <0.9.0
    lib/forge-std/src/Vm.sol >=0.8.13, <0.9.0
    lib/forge-std/src/Base.sol >=0.8.13, <0.9.0
    src/protocol/VaultGuardiansBase.sol =0.8.20
    lib/openzeppelin-contracts/contracts/access/Ownable.sol ^0.8.20
    lib/openzeppelin-contracts/contracts/token/ERC20/ERC20.sol ^0.8.20
    lib/openzeppelin-contracts/contracts/token/ERC20/extensions/ERC20Permit.sol ^0.8.24
    lib/openzeppelin-contracts/contracts/token/ERC20/extensions/ERC20Votes.sol ^0.8.24
    lib/openzeppelin-contracts/contracts/access/Ownable.sol ^0.8.20
    lib/openzeppelin-contracts/contracts/governance/Governor.sol ^0.8.24
    lib/openzeppelin-contracts/contracts/governance/extensions/GovernorCountingSimple.sol ^0.8.24
    lib/openzeppelin-contracts/contracts/governance/extensions/GovernorVotes.sol ^0.8.24
    lib/openzeppelin-contracts/contracts/governance/extensions/GovernorVotesQuorumFraction.sol ^0.8.24
    lib/forge-std/src/Script.sol >=0.8.13, <0.9.0
    test/mocks/ERC20Mock.sol =0.8.20
    test/mocks/AavePoolMock.sol =0.8.20
    test/mocks/UniswapFactoryMock.sol =0.8.20
    test/mocks/UniswapRouterMock.sol =0.8.20
    lib/forge-std/src/Script.sol >=0.8.13, <0.9.0
    script/NetworkConfig.s.sol =0.8.20
    src/protocol/VaultGuardians.sol =0.8.20
    src/dao/VaultGuardianGovernor.sol =0.8.20
    src/dao/VaultGuardianToken.sol =0.8.20
    test/mocks/ERC20Mock.sol =0.8.20
    src/vendor/IUniswapV2Router01.sol =0.8.20
    lib/openzeppelin-contracts/contracts/token/ERC20/IERC20.sol >=0.4.16
    src/vendor/IUniswapV2Factory.sol =0.8.20
    src/vendor/IPool.sol =0.8.20
    lib/openzeppelin-contracts/contracts/token/ERC20/IERC20.sol >=0.4.16
    lib/openzeppelin-contracts/contracts/token/ERC20/ERC20.sol ^0.8.20
    lib/openzeppelin-contracts/contracts/token/ERC20/utils/SafeERC20.sol ^0.8.20
    lib/openzeppelin-contracts/contracts/interfaces/IERC4626.sol >=0.6.2
    lib/openzeppelin-contracts/contracts/utils/LowLevelCall.sol ^0.8.20
    lib/openzeppelin-contracts/contracts/utils/Memory.sol ^0.8.24
    lib/openzeppelin-contracts/contracts/utils/math/Math.sol ^0.8.20
    lib/openzeppelin-contracts/contracts/interfaces/IERC4626.sol >=0.6.2
    src/interfaces/IVaultData.sol =0.8.20
    lib/openzeppelin-contracts/contracts/token/ERC20/IERC20.sol >=0.4.16
    src/vendor/IPool.sol =0.8.20
    lib/openzeppelin-contracts/contracts/token/ERC20/IERC20.sol >=0.4.16
    lib/openzeppelin-contracts/contracts/token/ERC20/utils/SafeERC20.sol ^0.8.20
    src/vendor/IUniswapV2Router01.sol =0.8.20
    src/vendor/IUniswapV2Factory.sol =0.8.20
    src/abstract/AStaticUSDCData.sol =0.8.20
    lib/openzeppelin-contracts/contracts/token/ERC20/utils/SafeERC20.sol ^0.8.20
    lib/openzeppelin-contracts/contracts/utils/StorageSlot.sol ^0.8.20
    lib/openzeppelin-contracts/contracts/token/ERC20/IERC20.sol >=0.4.16
    lib/openzeppelin-contracts/contracts/token/ERC20/extensions/IERC20Metadata.sol >=0.6.2
    lib/openzeppelin-contracts/contracts/utils/Context.sol ^0.8.20
    lib/openzeppelin-contracts/contracts/interfaces/draft-IERC6093.sol >=0.8.4
    lib/forge-std/src/console.sol >=0.8.13, <0.9.0
    lib/forge-std/src/Vm.sol >=0.8.13, <0.9.0
    lib/forge-std/src/Vm.sol >=0.8.13, <0.9.0
    lib/forge-std/src/StdStorage.sol >=0.8.13, <0.9.0
    lib/forge-std/src/console2.sol >=0.8.13, <0.9.0
    lib/forge-std/src/Vm.sol >=0.8.13, <0.9.0
    lib/forge-std/src/interfaces/IMulticall3.sol >=0.8.13, <0.9.0
    lib/forge-std/src/Vm.sol >=0.8.13, <0.9.0
    lib/forge-std/src/Vm.sol >=0.8.13, <0.9.0
    lib/forge-std/src/Vm.sol >=0.8.13, <0.9.0
    lib/forge-std/src/Vm.sol >=0.8.13, <0.9.0
    lib/forge-std/src/Vm.sol >=0.8.13, <0.9.0
    lib/forge-std/src/interfaces/IMulticall3.sol >=0.8.13, <0.9.0
    lib/forge-std/src/StdConstants.sol >=0.8.13, <0.9.0
    lib/forge-std/src/Vm.sol >=0.8.13, <0.9.0
    lib/forge-std/src/StdStorage.sol >=0.8.13, <0.9.0
    lib/forge-std/src/Vm.sol >=0.8.13, <0.9.0
    src/protocol/VaultShares.sol =0.8.20
    lib/openzeppelin-contracts/contracts/token/ERC20/utils/SafeERC20.sol ^0.8.20
    src/interfaces/IVaultShares.sol =0.8.20
    src/abstract/AStaticTokenData.sol =0.8.20
    src/dao/VaultGuardianToken.sol =0.8.20
    lib/openzeppelin-contracts/contracts/utils/Context.sol ^0.8.20
    lib/openzeppelin-contracts/contracts/token/ERC20/extensions/IERC20Permit.sol >=0.4.16
    lib/openzeppelin-contracts/contracts/token/ERC20/ERC20.sol ^0.8.20
    lib/openzeppelin-contracts/contracts/utils/cryptography/ECDSA.sol ^0.8.20
    lib/openzeppelin-contracts/contracts/utils/cryptography/EIP712.sol ^0.8.24
    lib/openzeppelin-contracts/contracts/utils/Nonces.sol ^0.8.20
    lib/openzeppelin-contracts/contracts/token/ERC20/ERC20.sol ^0.8.20
    lib/openzeppelin-contracts/contracts/governance/utils/Votes.sol ^0.8.24
    lib/openzeppelin-contracts/contracts/utils/structs/Checkpoints.sol ^0.8.20
    lib/openzeppelin-contracts/contracts/token/ERC721/IERC721Receiver.sol >=0.5.0
    lib/openzeppelin-contracts/contracts/token/ERC1155/IERC1155Receiver.sol >=0.6.2
    lib/openzeppelin-contracts/contracts/utils/cryptography/EIP712.sol ^0.8.24
    lib/openzeppelin-contracts/contracts/utils/cryptography/SignatureChecker.sol ^0.8.24
    lib/openzeppelin-contracts/contracts/utils/introspection/ERC165.sol ^0.8.20
    lib/openzeppelin-contracts/contracts/utils/math/SafeCast.sol ^0.8.20
    lib/openzeppelin-contracts/contracts/utils/structs/DoubleEndedQueue.sol ^0.8.20
    lib/openzeppelin-contracts/contracts/utils/Address.sol ^0.8.20
    lib/openzeppelin-contracts/contracts/utils/Context.sol ^0.8.20
    lib/openzeppelin-contracts/contracts/utils/Nonces.sol ^0.8.20
    lib/openzeppelin-contracts/contracts/utils/Strings.sol ^0.8.24
    lib/openzeppelin-contracts/contracts/governance/IGovernor.sol >=0.8.4
    lib/openzeppelin-contracts/contracts/governance/Governor.sol ^0.8.24
    lib/openzeppelin-contracts/contracts/governance/Governor.sol ^0.8.24
    lib/openzeppelin-contracts/contracts/governance/utils/IVotes.sol >=0.8.4
    lib/openzeppelin-contracts/contracts/interfaces/IERC5805.sol >=0.8.4
    lib/openzeppelin-contracts/contracts/utils/types/Time.sol ^0.8.20
    lib/openzeppelin-contracts/contracts/governance/extensions/GovernorVotes.sol ^0.8.24
    lib/openzeppelin-contracts/contracts/utils/math/Math.sol ^0.8.20
    lib/openzeppelin-contracts/contracts/utils/math/SafeCast.sol ^0.8.20
    lib/openzeppelin-contracts/contracts/utils/structs/Checkpoints.sol ^0.8.20
    lib/forge-std/src/console.sol >=0.8.13, <0.9.0
    lib/forge-std/src/console2.sol >=0.8.13, <0.9.0
    lib/forge-std/src/safeconsole.sol >=0.8.13, <0.9.0
    lib/forge-std/src/StdChains.sol >=0.8.13, <0.9.0
    lib/forge-std/src/StdCheats.sol >=0.8.13, <0.9.0
    lib/forge-std/src/StdConstants.sol >=0.8.13, <0.9.0
    lib/forge-std/src/StdJson.sol >=0.8.13, <0.9.0
    lib/forge-std/src/StdMath.sol >=0.8.13, <0.9.0
    lib/forge-std/src/StdStorage.sol >=0.8.13, <0.9.0
    lib/forge-std/src/StdStyle.sol >=0.8.13, <0.9.0
    lib/forge-std/src/StdUtils.sol >=0.8.13, <0.9.0
    lib/forge-std/src/Vm.sol >=0.8.13, <0.9.0
    lib/forge-std/src/Base.sol >=0.8.13, <0.9.0
    src/vendor/DataTypes.sol =0.8.20
    lib/openzeppelin-contracts/contracts/token/ERC20/IERC20.sol >=0.4.16
    lib/openzeppelin-contracts/contracts/interfaces/IERC1363.sol >=0.6.2
    lib/openzeppelin-contracts/contracts/token/ERC20/IERC20.sol >=0.4.16
    lib/openzeppelin-contracts/contracts/token/ERC20/extensions/IERC20Metadata.sol >=0.6.2
    lib/openzeppelin-contracts/contracts/utils/Panic.sol ^0.8.20
    lib/openzeppelin-contracts/contracts/utils/math/Math.sol ^0.8.20
    lib/openzeppelin-contracts/contracts/utils/Panic.sol ^0.8.20
    lib/openzeppelin-contracts/contracts/utils/math/SafeCast.sol ^0.8.20
    lib/openzeppelin-contracts/contracts/token/ERC20/IERC20.sol >=0.4.16
    src/abstract/AStaticWethData.sol =0.8.20
    lib/openzeppelin-contracts/contracts/token/ERC20/IERC20.sol >=0.4.16
    lib/openzeppelin-contracts/contracts/token/ERC20/IERC20.sol >=0.4.16
    src/abstract/AStaticUSDCData.sol =0.8.20
    lib/openzeppelin-contracts/contracts/utils/cryptography/MessageHashUtils.sol ^0.8.24
    lib/openzeppelin-contracts/contracts/utils/ShortStrings.sol ^0.8.20
    lib/openzeppelin-contracts/contracts/interfaces/IERC5267.sol >=0.4.16
    lib/openzeppelin-contracts/contracts/interfaces/IERC5805.sol >=0.8.4
    lib/openzeppelin-contracts/contracts/utils/Context.sol ^0.8.20
    lib/openzeppelin-contracts/contracts/utils/Nonces.sol ^0.8.20
    lib/openzeppelin-contracts/contracts/utils/cryptography/EIP712.sol ^0.8.24
    lib/openzeppelin-contracts/contracts/utils/structs/Checkpoints.sol ^0.8.20
    lib/openzeppelin-contracts/contracts/utils/math/SafeCast.sol ^0.8.20
    lib/openzeppelin-contracts/contracts/utils/cryptography/ECDSA.sol ^0.8.20
    lib/openzeppelin-contracts/contracts/utils/types/Time.sol ^0.8.20
    lib/openzeppelin-contracts/contracts/utils/math/Math.sol ^0.8.20
    lib/openzeppelin-contracts/contracts/utils/introspection/IERC165.sol >=0.4.16
    lib/openzeppelin-contracts/contracts/utils/cryptography/ECDSA.sol ^0.8.20
    lib/openzeppelin-contracts/contracts/interfaces/IERC1271.sol >=0.5.0
    lib/openzeppelin-contracts/contracts/interfaces/IERC7913.sol >=0.5.0
    lib/openzeppelin-contracts/contracts/utils/Bytes.sol ^0.8.24
    lib/openzeppelin-contracts/contracts/utils/introspection/IERC165.sol >=0.4.16
    lib/openzeppelin-contracts/contracts/utils/Panic.sol ^0.8.20
    lib/openzeppelin-contracts/contracts/utils/Errors.sol ^0.8.20
    lib/openzeppelin-contracts/contracts/utils/LowLevelCall.sol ^0.8.20
    lib/openzeppelin-contracts/contracts/utils/math/Math.sol ^0.8.20
    lib/openzeppelin-contracts/contracts/utils/math/SafeCast.sol ^0.8.20
    lib/openzeppelin-contracts/contracts/utils/math/SignedMath.sol ^0.8.20
    lib/openzeppelin-contracts/contracts/utils/Bytes.sol ^0.8.24
    lib/openzeppelin-contracts/contracts/interfaces/IERC165.sol >=0.4.16
    lib/openzeppelin-contracts/contracts/interfaces/IERC6372.sol >=0.4.16
    lib/openzeppelin-contracts/contracts/governance/utils/IVotes.sol >=0.8.4
    lib/openzeppelin-contracts/contracts/interfaces/IERC6372.sol >=0.4.16
    lib/openzeppelin-contracts/contracts/utils/math/Math.sol ^0.8.20
    lib/openzeppelin-contracts/contracts/utils/math/SafeCast.sol ^0.8.20
    lib/openzeppelin-contracts/contracts/interfaces/IERC20.sol >=0.4.16
    lib/openzeppelin-contracts/contracts/interfaces/IERC165.sol >=0.4.16
    lib/openzeppelin-contracts/contracts/token/ERC20/IERC20.sol >=0.4.16
    lib/openzeppelin-contracts/contracts/utils/Strings.sol ^0.8.24
    lib/openzeppelin-contracts/contracts/utils/StorageSlot.sol ^0.8.20
    lib/openzeppelin-contracts/contracts/utils/math/Math.sol ^0.8.20
    lib/openzeppelin-contracts/contracts/utils/math/SafeCast.sol ^0.8.20
    lib/openzeppelin-contracts/contracts/utils/introspection/IERC165.sol >=0.4.16
    lib/openzeppelin-contracts/contracts/token/ERC20/IERC20.sol >=0.4.16
Found incompatible versions:
test/unit/fuzz/VaultGuardiansFuzzTest.t.sol =0.8.20 imports:
    test/Base.t.sol =0.8.20
    src/protocol/VaultShares.sol =0.8.20
    src/protocol/VaultGuardians.sol =0.8.20
    test/mocks/ERC20Mock.sol =0.8.20
    src/protocol/VaultGuardiansBase.sol =0.8.20
    lib/forge-std/src/Test.sol >=0.8.13, <0.9.0
    src/protocol/VaultGuardians.sol =0.8.20
    src/dao/VaultGuardianToken.sol =0.8.20
    src/dao/VaultGuardianGovernor.sol =0.8.20
    script/NetworkConfig.s.sol =0.8.20
    script/DeployVaultGuardians.s.sol =0.8.20
    test/mocks/ERC20Mock.sol =0.8.20
    src/interfaces/IVaultData.sol =0.8.20
    test/mocks/UniswapRouterMock.sol =0.8.20
    test/mocks/UniswapFactoryMock.sol =0.8.20
    test/mocks/AavePoolMock.sol =0.8.20
    lib/openzeppelin-contracts/contracts/token/ERC20/extensions/ERC4626.sol ^0.8.24
    src/interfaces/IVaultShares.sol =0.8.20
    src/protocol/investableUniverseAdapters/AaveAdapter.sol =0.8.20
    src/protocol/investableUniverseAdapters/UniswapAdapter.sol =0.8.20
    src/vendor/DataTypes.sol =0.8.20
    lib/openzeppelin-contracts/contracts/utils/ReentrancyGuard.sol ^0.8.20
    src/protocol/VaultGuardiansBase.sol =0.8.20
    lib/openzeppelin-contracts/contracts/access/Ownable.sol ^0.8.20
    lib/openzeppelin-contracts/contracts/token/ERC20/ERC20.sol ^0.8.20
    src/protocol/VaultShares.sol =0.8.20
    lib/openzeppelin-contracts/contracts/token/ERC20/utils/SafeERC20.sol ^0.8.20
    src/interfaces/IVaultShares.sol =0.8.20
    src/abstract/AStaticTokenData.sol =0.8.20
    src/dao/VaultGuardianToken.sol =0.8.20
    lib/forge-std/src/console.sol >=0.8.13, <0.9.0
    lib/forge-std/src/console2.sol >=0.8.13, <0.9.0
    lib/forge-std/src/safeconsole.sol >=0.8.13, <0.9.0
    lib/forge-std/src/StdAssertions.sol >=0.8.13, <0.9.0
    lib/forge-std/src/StdChains.sol >=0.8.13, <0.9.0
    lib/forge-std/src/StdCheats.sol >=0.8.13, <0.9.0
    lib/forge-std/src/StdConstants.sol >=0.8.13, <0.9.0
    lib/forge-std/src/StdError.sol >=0.8.13, <0.9.0
    lib/forge-std/src/StdInvariant.sol >=0.8.13, <0.9.0
    lib/forge-std/src/StdJson.sol >=0.8.13, <0.9.0
    lib/forge-std/src/StdMath.sol >=0.8.13, <0.9.0
    lib/forge-std/src/StdStorage.sol >=0.8.13, <0.9.0
    lib/forge-std/src/StdStyle.sol >=0.8.13, <0.9.0
    lib/forge-std/src/StdToml.sol >=0.8.13, <0.9.0
    lib/forge-std/src/StdUtils.sol >=0.8.13, <0.9.0
    lib/forge-std/src/Vm.sol >=0.8.13, <0.9.0
    lib/forge-std/src/Base.sol >=0.8.13, <0.9.0
    lib/openzeppelin-contracts/contracts/token/ERC20/ERC20.sol ^0.8.20
    lib/openzeppelin-contracts/contracts/token/ERC20/extensions/ERC20Permit.sol ^0.8.24
    lib/openzeppelin-contracts/contracts/token/ERC20/extensions/ERC20Votes.sol ^0.8.24
    lib/openzeppelin-contracts/contracts/access/Ownable.sol ^0.8.20
    lib/openzeppelin-contracts/contracts/governance/Governor.sol ^0.8.24
    lib/openzeppelin-contracts/contracts/governance/extensions/GovernorCountingSimple.sol ^0.8.24
    lib/openzeppelin-contracts/contracts/governance/extensions/GovernorVotes.sol ^0.8.24
    lib/openzeppelin-contracts/contracts/governance/extensions/GovernorVotesQuorumFraction.sol ^0.8.24
    lib/forge-std/src/Script.sol >=0.8.13, <0.9.0
    test/mocks/ERC20Mock.sol =0.8.20
    test/mocks/AavePoolMock.sol =0.8.20
    test/mocks/UniswapFactoryMock.sol =0.8.20
    test/mocks/UniswapRouterMock.sol =0.8.20
    lib/forge-std/src/Script.sol >=0.8.13, <0.9.0
    script/NetworkConfig.s.sol =0.8.20
    src/protocol/VaultGuardians.sol =0.8.20
    src/dao/VaultGuardianGovernor.sol =0.8.20
    src/dao/VaultGuardianToken.sol =0.8.20
    test/mocks/ERC20Mock.sol =0.8.20
    src/vendor/IUniswapV2Router01.sol =0.8.20
    lib/openzeppelin-contracts/contracts/token/ERC20/IERC20.sol >=0.4.16
    src/vendor/IUniswapV2Factory.sol =0.8.20
    src/vendor/IPool.sol =0.8.20
    lib/openzeppelin-contracts/contracts/token/ERC20/IERC20.sol >=0.4.16
    lib/openzeppelin-contracts/contracts/token/ERC20/ERC20.sol ^0.8.20
    lib/openzeppelin-contracts/contracts/token/ERC20/utils/SafeERC20.sol ^0.8.20
    lib/openzeppelin-contracts/contracts/interfaces/IERC4626.sol >=0.6.2
    lib/openzeppelin-contracts/contracts/utils/LowLevelCall.sol ^0.8.20
    lib/openzeppelin-contracts/contracts/utils/Memory.sol ^0.8.24
    lib/openzeppelin-contracts/contracts/utils/math/Math.sol ^0.8.20
    lib/openzeppelin-contracts/contracts/interfaces/IERC4626.sol >=0.6.2
    src/interfaces/IVaultData.sol =0.8.20
    lib/openzeppelin-contracts/contracts/token/ERC20/IERC20.sol >=0.4.16
    src/vendor/IPool.sol =0.8.20
    lib/openzeppelin-contracts/contracts/token/ERC20/IERC20.sol >=0.4.16
    lib/openzeppelin-contracts/contracts/token/ERC20/utils/SafeERC20.sol ^0.8.20
    src/vendor/IUniswapV2Router01.sol =0.8.20
    src/vendor/IUniswapV2Factory.sol =0.8.20
    src/abstract/AStaticUSDCData.sol =0.8.20
    lib/openzeppelin-contracts/contracts/token/ERC20/utils/SafeERC20.sol ^0.8.20
    lib/openzeppelin-contracts/contracts/utils/StorageSlot.sol ^0.8.20
    lib/openzeppelin-contracts/contracts/utils/Context.sol ^0.8.20
    lib/openzeppelin-contracts/contracts/token/ERC20/IERC20.sol >=0.4.16
    lib/openzeppelin-contracts/contracts/token/ERC20/extensions/IERC20Metadata.sol >=0.6.2
    lib/openzeppelin-contracts/contracts/utils/Context.sol ^0.8.20
    lib/openzeppelin-contracts/contracts/interfaces/draft-IERC6093.sol >=0.8.4
    lib/openzeppelin-contracts/contracts/token/ERC20/IERC20.sol >=0.4.16
    lib/openzeppelin-contracts/contracts/interfaces/IERC1363.sol >=0.6.2
    lib/openzeppelin-contracts/contracts/token/ERC20/IERC20.sol >=0.4.16
    src/abstract/AStaticUSDCData.sol =0.8.20
    lib/forge-std/src/console.sol >=0.8.13, <0.9.0
    lib/forge-std/src/Vm.sol >=0.8.13, <0.9.0
    lib/forge-std/src/Vm.sol >=0.8.13, <0.9.0
    lib/forge-std/src/StdStorage.sol >=0.8.13, <0.9.0
    lib/forge-std/src/console2.sol >=0.8.13, <0.9.0
    lib/forge-std/src/Vm.sol >=0.8.13, <0.9.0
    lib/forge-std/src/interfaces/IMulticall3.sol >=0.8.13, <0.9.0
    lib/forge-std/src/Vm.sol >=0.8.13, <0.9.0
    lib/forge-std/src/Vm.sol >=0.8.13, <0.9.0
    lib/forge-std/src/Vm.sol >=0.8.13, <0.9.0
    lib/forge-std/src/Vm.sol >=0.8.13, <0.9.0
    lib/forge-std/src/Vm.sol >=0.8.13, <0.9.0
    lib/forge-std/src/interfaces/IMulticall3.sol >=0.8.13, <0.9.0
    lib/forge-std/src/StdConstants.sol >=0.8.13, <0.9.0
    lib/forge-std/src/Vm.sol >=0.8.13, <0.9.0
    lib/forge-std/src/StdStorage.sol >=0.8.13, <0.9.0
    lib/forge-std/src/Vm.sol >=0.8.13, <0.9.0
    lib/openzeppelin-contracts/contracts/token/ERC20/extensions/IERC20Permit.sol >=0.4.16
    lib/openzeppelin-contracts/contracts/token/ERC20/ERC20.sol ^0.8.20
    lib/openzeppelin-contracts/contracts/utils/cryptography/ECDSA.sol ^0.8.20
    lib/openzeppelin-contracts/contracts/utils/cryptography/EIP712.sol ^0.8.24
    lib/openzeppelin-contracts/contracts/utils/Nonces.sol ^0.8.20
    lib/openzeppelin-contracts/contracts/token/ERC20/ERC20.sol ^0.8.20
    lib/openzeppelin-contracts/contracts/governance/utils/Votes.sol ^0.8.24
    lib/openzeppelin-contracts/contracts/utils/structs/Checkpoints.sol ^0.8.20
    lib/openzeppelin-contracts/contracts/token/ERC721/IERC721Receiver.sol >=0.5.0
    lib/openzeppelin-contracts/contracts/token/ERC1155/IERC1155Receiver.sol >=0.6.2
    lib/openzeppelin-contracts/contracts/utils/cryptography/EIP712.sol ^0.8.24
    lib/openzeppelin-contracts/contracts/utils/cryptography/SignatureChecker.sol ^0.8.24
    lib/openzeppelin-contracts/contracts/utils/introspection/ERC165.sol ^0.8.20
    lib/openzeppelin-contracts/contracts/utils/math/SafeCast.sol ^0.8.20
    lib/openzeppelin-contracts/contracts/utils/structs/DoubleEndedQueue.sol ^0.8.20
    lib/openzeppelin-contracts/contracts/utils/Address.sol ^0.8.20
    lib/openzeppelin-contracts/contracts/utils/Context.sol ^0.8.20
    lib/openzeppelin-contracts/contracts/utils/Nonces.sol ^0.8.20
    lib/openzeppelin-contracts/contracts/utils/Strings.sol ^0.8.24
    lib/openzeppelin-contracts/contracts/governance/IGovernor.sol >=0.8.4
    lib/openzeppelin-contracts/contracts/governance/Governor.sol ^0.8.24
    lib/openzeppelin-contracts/contracts/governance/Governor.sol ^0.8.24
    lib/openzeppelin-contracts/contracts/governance/utils/IVotes.sol >=0.8.4
    lib/openzeppelin-contracts/contracts/interfaces/IERC5805.sol >=0.8.4
    lib/openzeppelin-contracts/contracts/utils/types/Time.sol ^0.8.20
    lib/openzeppelin-contracts/contracts/governance/extensions/GovernorVotes.sol ^0.8.24
    lib/openzeppelin-contracts/contracts/utils/math/Math.sol ^0.8.20
    lib/openzeppelin-contracts/contracts/utils/math/SafeCast.sol ^0.8.20
    lib/openzeppelin-contracts/contracts/utils/structs/Checkpoints.sol ^0.8.20
    lib/forge-std/src/console.sol >=0.8.13, <0.9.0
    lib/forge-std/src/console2.sol >=0.8.13, <0.9.0
    lib/forge-std/src/safeconsole.sol >=0.8.13, <0.9.0
    lib/forge-std/src/StdChains.sol >=0.8.13, <0.9.0
    lib/forge-std/src/StdCheats.sol >=0.8.13, <0.9.0
    lib/forge-std/src/StdConstants.sol >=0.8.13, <0.9.0
    lib/forge-std/src/StdJson.sol >=0.8.13, <0.9.0
    lib/forge-std/src/StdMath.sol >=0.8.13, <0.9.0
    lib/forge-std/src/StdStorage.sol >=0.8.13, <0.9.0
    lib/forge-std/src/StdStyle.sol >=0.8.13, <0.9.0
    lib/forge-std/src/StdUtils.sol >=0.8.13, <0.9.0
    lib/forge-std/src/Vm.sol >=0.8.13, <0.9.0
    lib/forge-std/src/Base.sol >=0.8.13, <0.9.0
    src/vendor/DataTypes.sol =0.8.20
    lib/openzeppelin-contracts/contracts/token/ERC20/IERC20.sol >=0.4.16
    lib/openzeppelin-contracts/contracts/token/ERC20/extensions/IERC20Metadata.sol >=0.6.2
    lib/openzeppelin-contracts/contracts/utils/Panic.sol ^0.8.20
    lib/openzeppelin-contracts/contracts/utils/math/Math.sol ^0.8.20
    lib/openzeppelin-contracts/contracts/utils/Panic.sol ^0.8.20
    lib/openzeppelin-contracts/contracts/utils/math/SafeCast.sol ^0.8.20
    lib/openzeppelin-contracts/contracts/token/ERC20/IERC20.sol >=0.4.16
    src/abstract/AStaticWethData.sol =0.8.20
    lib/openzeppelin-contracts/contracts/token/ERC20/IERC20.sol >=0.4.16
    lib/openzeppelin-contracts/contracts/interfaces/IERC20.sol >=0.4.16
    lib/openzeppelin-contracts/contracts/interfaces/IERC165.sol >=0.4.16
    lib/openzeppelin-contracts/contracts/utils/cryptography/MessageHashUtils.sol ^0.8.24
    lib/openzeppelin-contracts/contracts/utils/ShortStrings.sol ^0.8.20
    lib/openzeppelin-contracts/contracts/interfaces/IERC5267.sol >=0.4.16
    lib/openzeppelin-contracts/contracts/interfaces/IERC5805.sol >=0.8.4
    lib/openzeppelin-contracts/contracts/utils/Context.sol ^0.8.20
    lib/openzeppelin-contracts/contracts/utils/Nonces.sol ^0.8.20
    lib/openzeppelin-contracts/contracts/utils/cryptography/EIP712.sol ^0.8.24
    lib/openzeppelin-contracts/contracts/utils/structs/Checkpoints.sol ^0.8.20
    lib/openzeppelin-contracts/contracts/utils/math/SafeCast.sol ^0.8.20
    lib/openzeppelin-contracts/contracts/utils/cryptography/ECDSA.sol ^0.8.20
    lib/openzeppelin-contracts/contracts/utils/types/Time.sol ^0.8.20
    lib/openzeppelin-contracts/contracts/utils/math/Math.sol ^0.8.20
    lib/openzeppelin-contracts/contracts/utils/introspection/IERC165.sol >=0.4.16
    lib/openzeppelin-contracts/contracts/utils/cryptography/ECDSA.sol ^0.8.20
    lib/openzeppelin-contracts/contracts/interfaces/IERC1271.sol >=0.5.0
    lib/openzeppelin-contracts/contracts/interfaces/IERC7913.sol >=0.5.0
    lib/openzeppelin-contracts/contracts/utils/Bytes.sol ^0.8.24
    lib/openzeppelin-contracts/contracts/utils/introspection/IERC165.sol >=0.4.16
    lib/openzeppelin-contracts/contracts/utils/Panic.sol ^0.8.20
    lib/openzeppelin-contracts/contracts/utils/Errors.sol ^0.8.20
    lib/openzeppelin-contracts/contracts/utils/LowLevelCall.sol ^0.8.20
    lib/openzeppelin-contracts/contracts/utils/math/Math.sol ^0.8.20
    lib/openzeppelin-contracts/contracts/utils/math/SafeCast.sol ^0.8.20
    lib/openzeppelin-contracts/contracts/utils/math/SignedMath.sol ^0.8.20
    lib/openzeppelin-contracts/contracts/utils/Bytes.sol ^0.8.24
    lib/openzeppelin-contracts/contracts/interfaces/IERC165.sol >=0.4.16
    lib/openzeppelin-contracts/contracts/interfaces/IERC6372.sol >=0.4.16
    lib/openzeppelin-contracts/contracts/governance/utils/IVotes.sol >=0.8.4
    lib/openzeppelin-contracts/contracts/interfaces/IERC6372.sol >=0.4.16
    lib/openzeppelin-contracts/contracts/utils/math/Math.sol ^0.8.20
    lib/openzeppelin-contracts/contracts/utils/math/SafeCast.sol ^0.8.20
    lib/openzeppelin-contracts/contracts/token/ERC20/IERC20.sol >=0.4.16
    lib/openzeppelin-contracts/contracts/token/ERC20/IERC20.sol >=0.4.16
    lib/openzeppelin-contracts/contracts/utils/introspection/IERC165.sol >=0.4.16
    lib/openzeppelin-contracts/contracts/utils/Strings.sol ^0.8.24
    lib/openzeppelin-contracts/contracts/utils/StorageSlot.sol ^0.8.20
    lib/openzeppelin-contracts/contracts/utils/math/Math.sol ^0.8.20
    lib/openzeppelin-contracts/contracts/utils/math/SafeCast.sol ^0.8.20
